Workbook

Sheet Antigüedad y Vencimiento
A1: PARQUE DE AMBULANCIAS — UTIM · ANTIGÜEDAD Y VENCIMIENTO POR SEGMENTO
A2: Límites vigentes: YPF/O&G = 8 años · VISTA OIL = 5 años · Minería = 3 años · Back Up / Disponible / OOD = 10 años (hab. nacional) · UCI = Excluido · Año de referencia: 2026
A4: Año Patent. | B4: TOTAL UTIM | C4: YPF / O&G (8 años) | E4: VISTA OIL (5 años) | G4: Minería (3 años) | I4: Back Up (10 años) | K4: Disponible (10 años) | M4: OOD (10 años) | O4: UCI (Excluido)
A5: 2017 | B5: 12 | G5: 1 | H5: → 2021 ✗ VENCIDA | I5: 3 | J5: → 2028 ◄ 2028 | K5: 6 | L5: → 2028 ◄ 2028 | M5: 1 | N5: → 2028 ◄ 2028 | O5: 1 | P5: Excluido
A6: 2018 | B6: 2 | C6: 1 | D6: → 2027 ◄ 2027 | K6: 1 | L6: → 2029
A7: 2019 | B7: 25 | C7: 11 | D7: → 2028 ◄ 2028 | E7: 1 | F7: → 2025 ✗ VENCIDA | G7: 4 | H7: → 2023 ✗ VENCIDA | I7: 3 | J7: → 2030 | K7: 5 | L7: → 2030 | O7: 1 | P7: Excluido
A8: 2022 | B8: 7 | G8: 6 | H8: → 2026 ◄ 2026 | I8: 1 | J8: → 2033
A9: 2023 | B9: 17 | C9: 10 | D9: → 2032 | G9: 4 | H9: → 2027 ◄ 2027 | I9: 2 | J9: → 2034 | K9: 1 | L9: → 2034
A10: 2024 | B10: 14 | C10: 1 | D10: → 2033 | E10: 3 | F10: → 2030 | G10: 6 | H10: → 2028 ◄ 2028 | I10: 4 | J10: → 2035
A11: 2025 | B11: 7 | G11: 5 | H11: → 2029 | I11: 1 | J11: → 2036 | M11: 1 | N11: → 2036
A13: TOTAL | B13: 84 | C13: 23 | E13: 4 | G13: 26 | I13: 14 | K13: 13 | M13: 2 | O13: 2
A15: LEYENDA: | B15: ◄ Vence en 2026 — URGENTE | C15: ◄ Vence en 2027 | D15: ◄ Vence en 2028 — PICO | E15: ✗ Ya vencida (acción inmediata) | F15: Vence 2029 en adelante
A18: PLAN DE RENOVACIÓN — UNIDADES A REPONER POR AÑO (sin optimización)
A19: Segmento | B19: TOTAL | C19: 2021 | D19: 2022 | E19: 2023 | F19: 2024 | G19: 2025 | H19: 2026 | I19: 2027 | J19: 2028 | K19: 2029 | L19: 2030 | M19: 2031 | N19: 2032 | O19: 2033 | P19: 2034 | Q19: 2035 | R19: 2036
A20: YPF / O&G (8 años) | B20: 23 | I20: 1 | J20: 11 | N20: 10 | O20: 1
A21: VISTA OIL (5 años) | B21: 4 | G21: 1 | L21: 3
A22: Minería (3 años) | B22: 26 | C22: 1 | E22: 4 | H22: 6 | I22: 4 | J22: 6 | K22: 5
A23: Back Up (10 años) | B23: 14 | J23: 3 | L23: 3 | O23: 1 | P23: 2 | Q23: 4 | R23: 1
A24: Disponible (10 años) | B24: 13 | J24: 6 | K24: 1 | L24: 5 | P24: 1
A25: OOD (10 años) | B25: 2 | J25: 1 | R25: 1
A26: TOTAL GENERAL | B26: 82 | C26: 1 | E26: 4 | G26: 1 | H26: 6 | I26: 5 | J26: 27 | K26: 6 | L26: 11 | N26: 10 | O26: 2 | P26: 3 | Q26: 4 | R26: 2

Sheet Resumen Directorio
A1: FLOTA DE MÓVILES — REGIÓN / CLIENTE × AÑO DE PATENTAMIENTO
A2: =C55&" móviles · "&C26&" UTIM · "&(C53)&" Logística (incluye Otros)" -> 109 móviles · 77 UTIM · 32 Logística (incluye Otros)
A4: ≥9 años (2017) | B4: 7-8 años (2018) | C4: 4-6 años (2019-22) | D4: 2-3 años (2023-24) | E4: ≤1 año (2025)
A5: UTIM — Ambulancias de Traslado Intensivo Móvil
A6: Región | B6: Cliente / Asignación | C6: Total | D6: 2017 | E6: 2018 | F6: 2019 | G6: 2021 | H6: 2022 | I6: 2023 | J6: 2024 | K6: 2025 | L6: Total
A7: Neuquén | B7: YPF | C7: =SUM(D7:K7) -> 24 | D7: =COUNTIFS(TablaMóviles[Región],"UTIM NQN",TablaMóviles[Año],2017,TablaMóviles[Cliente],"YPF") -> 0 | E7: =COUNTIFS(TablaMóviles[Región],"UTIM NQN",TablaMóviles[Año],2018,TablaMóviles[Cliente],"YPF") -> 0 | F7: =COUNTIFS(TablaMóviles[Región],"UTIM NQN",TablaMóviles[Año],2019,TablaMóviles[Cliente],"YPF") -> 11 | G7: =COUNTIFS(TablaMóviles[Región],"UTIM NQN",TablaMóviles[Año],2021,TablaMóviles[Cliente],"YPF") -> 0 | H7: =COUNTIFS(TablaMóviles[Región],"UTIM NQN",TablaMóviles[Año],2022,TablaMóviles[Cliente],"YPF") -> 0 | I7: =COUNTIFS(TablaMóviles[Región],"UTIM NQN",TablaMóviles[Año],2023,TablaMóviles[Cliente],"YPF") -> 10 | J7: =COUNTIFS(TablaMóviles[Región],"UTIM NQN",TablaMóviles[Año],2024,TablaMóviles[Cliente],"YPF") -> 3 | K7: =COUNTIFS(TablaMóviles[Región],"UTIM NQN",TablaMóviles[Año],2025,TablaMóviles[Cliente],"YPF") -> 0 | L7: =SUM(D7:K7) -> 24
B8: Techint | C8: =SUM(D8:K8) -> 4 | D8: =COUNTIFS(TablaMóviles[Región],"UTIM NQN",TablaMóviles[Año],D$6,TablaMóviles[Cliente],"TECHINT") -> 2 | E8: =COUNTIFS(TablaMóviles[Región],"UTIM NQN",TablaMóviles[Año],E$6,TablaMóviles[Cliente],"TECHINT") -> 0 | F8: =COUNTIFS(TablaMóviles[Región],"UTIM NQN",TablaMóviles[Año],F$6,TablaMóviles[Cliente],"TECHINT") -> 2 | G8: =COUNTIFS(TablaMóviles[Región],"UTIM NQN",TablaMóviles[Año],G$6,TablaMóviles[Cliente],"TECHINT") -> 0 | H8: =COUNTIFS(TablaMóviles[Región],"UTIM NQN",TablaMóviles[Año],H$6,TablaMóviles[Cliente],"TECHINT") -> 0 | I8: =COUNTIFS(TablaMóviles[Región],"UTIM NQN",TablaMóviles[Año],I$6,TablaMóviles[Cliente],"TECHINT") -> 0 | J8: =COUNTIFS(TablaMóviles[Región],"UTIM NQN",TablaMóviles[Año],J$6,TablaMóviles[Cliente],"TECHINT") -> 0 | K8: =COUNTIFS(TablaMóviles[Región],"UTIM NQN",TablaMóviles[Año],K$6,TablaMóviles[Cliente],"TECHINT") -> 0 | L8: =SUM(D8:K8) -> 4
B9: Vista Oil | C9: =SUM(D9:K9) -> 4 | D9: =COUNTIFS(TablaMóviles[Región],"UTIM NQN",TablaMóviles[Año],2017,TablaMóviles[Cliente],"VISTA OIL") -> 0 | E9: =COUNTIFS(TablaMóviles[Región],"UTIM NQN",TablaMóviles[Año],2018,TablaMóviles[Cliente],"VISTA OIL") -> 0 | F9: =COUNTIFS(TablaMóviles[Región],"UTIM NQN",TablaMóviles[Año],2019,TablaMóviles[Cliente],"VISTA OIL") -> 1 | G9: =COUNTIFS(TablaMóviles[Región],"UTIM NQN",TablaMóviles[Año],2021,TablaMóviles[Cliente],"VISTA OIL") -> 0 | H9: =COUNTIFS(TablaMóviles[Región],"UTIM NQN",TablaMóviles[Año],2022,TablaMóviles[Cliente],"VISTA OIL") -> 0 | I9: =COUNTIFS(TablaMóviles[Región],"UTIM NQN",TablaMóviles[Año],2023,TablaMóviles[Cliente],"VISTA OIL") -> 0 | J9: =COUNTIFS(TablaMóviles[Región],"UTIM NQN",TablaMóviles[Año],2024,TablaMóviles[Cliente],"VISTA OIL") -> 3 | K9: =COUNTIFS(TablaMóviles[Región],"UTIM NQN",TablaMóviles[Año],2025,TablaMóviles[Cliente],"VISTA OIL") -> 0 | L9: =SUM(D9:K9) -> 4
B10: Aconcagua | C10: =SUM(D10:K10) -> 1 | D10: =COUNTIFS(TablaMóviles[Región],"UTIM NQN",TablaMóviles[Año],2017,TablaMóviles[Cliente],"ACONCAGUA") -> 0 | E10: =COUNTIFS(TablaMóviles[Región],"UTIM NQN",TablaMóviles[Año],2018,TablaMóviles[Cliente],"ACONCAGUA") -> 0 | F10: =COUNTIFS(TablaMóviles[Región],"UTIM NQN",TablaMóviles[Año],2019,TablaMóviles[Cliente],"ACONCAGUA") -> 1 | G10: =COUNTIFS(TablaMóviles[Región],"UTIM NQN",TablaMóviles[Año],2021,TablaMóviles[Cliente],"ACONCAGUA") -> 0 | H10: =COUNTIFS(TablaMóviles[Región],"UTIM NQN",TablaMóviles[Año],2022,TablaMóviles[Cliente],"ACONCAGUA") -> 0 | I10: =COUNTIFS(TablaMóviles[Región],"UTIM NQN",TablaMóviles[Año],2023,TablaMóviles[Cliente],"ACONCAGUA") -> 0 | J10: =COUNTIFS(TablaMóviles[Región],"UTIM NQN",TablaMóviles[Año],2024,TablaMóviles[Cliente],"ACONCAGUA") -> 0 | K10: =COUNTIFS(TablaMóviles[Región],"UTIM NQN",TablaMóviles[Año],2025,TablaMóviles[Cliente],"ACONCAGUA") -> 0 | L10: =SUM(D10:K10) -> 1
B11: Capex | C11: =SUM(D11:K11) -> 1 | D11: =COUNTIFS(TablaMóviles[Región],"UTIM NQN",TablaMóviles[Año],2017,TablaMóviles[Cliente],"CAPEX") -> 0 | E11: =COUNTIFS(TablaMóviles[Región],"UTIM NQN",TablaMóviles[Año],2018,TablaMóviles[Cliente],"CAPEX") -> 0 | F11: =COUNTIFS(TablaMóviles[Región],"UTIM NQN",TablaMóviles[Año],2019,TablaMóviles[Cliente],"CAPEX") -> 0 | G11: =COUNTIFS(TablaMóviles[Región],"UTIM NQN",TablaMóviles[Año],2021,TablaMóviles[Cliente],"CAPEX") -> 0 | H11: =COUNTIFS(TablaMóviles[Región],"UTIM NQN",TablaMóviles[Año],2022,TablaMóviles[Cliente],"CAPEX") -> 0 | I11: =COUNTIFS(TablaMóviles[Región],"UTIM NQN",TablaMóviles[Año],2023,TablaMóviles[Cliente],"CAPEX") -> 1 | J11: =COUNTIFS(TablaMóviles[Región],"UTIM NQN",TablaMóviles[Año],2024,TablaMóviles[Cliente],"CAPEX") -> 0 | K11: =COUNTIFS(TablaMóviles[Región],"UTIM NQN",TablaMóviles[Año],2025,TablaMóviles[Cliente],"CAPEX") -> 0 | L11: =SUM(D11:K11) -> 1
B12: Genneia | C12: =SUM(D12:K12) -> 1 | D12: =COUNTIFS(TablaMóviles[Región],"UTIM NQN",TablaMóviles[Año],2017,TablaMóviles[Cliente],"GENNEIA") -> 1 | E12: =COUNTIFS(TablaMóviles[Región],"UTIM NQN",TablaMóviles[Año],2018,TablaMóviles[Cliente],"GENNEIA") -> 0 | F12: =COUNTIFS(TablaMóviles[Región],"UTIM NQN",TablaMóviles[Año],2019,TablaMóviles[Cliente],"GENNEIA") -> 0 | G12: =COUNTIFS(TablaMóviles[Región],"UTIM NQN",TablaMóviles[Año],2021,TablaMóviles[Cliente],"GENNEIA") -> 0 | H12: =COUNTIFS(TablaMóviles[Región],"UTIM NQN",TablaMóviles[Año],2022,TablaMóviles[Cliente],"GENNEIA") -> 0 | I12: =COUNTIFS(TablaMóviles[Región],"UTIM NQN",TablaMóviles[Año],2023,TablaMóviles[Cliente],"GENNEIA") -> 0 | J12: =COUNTIFS(TablaMóviles[Región],"UTIM NQN",TablaMóviles[Año],2024,TablaMóviles[Cliente],"GENNEIA") -> 0 | K12: =COUNTIFS(TablaMóviles[Región],"UTIM NQN",TablaMóviles[Año],2025,TablaMóviles[Cliente],"GENNEIA") -> 0 | L12: =SUM(D12:K12) -> 1
B13: Pecom | C13: =SUM(D13:K13) -> 1 | D13: =COUNTIFS(TablaMóviles[Región],"UTIM NQN",TablaMóviles[Año],2017,TablaMóviles[Cliente],"PECOM") -> 0 | E13: =COUNTIFS(TablaMóviles[Región],"UTIM NQN",TablaMóviles[Año],2018,TablaMóviles[Cliente],"PECOM") -> 0 | F13: =COUNTIFS(TablaMóviles[Región],"UTIM NQN",TablaMóviles[Año],2019,TablaMóviles[Cliente],"PECOM") -> 1 | G13: =COUNTIFS(TablaMóviles[Región],"UTIM NQN",TablaMóviles[Año],2021,TablaMóviles[Cliente],"PECOM") -> 0 | H13: =COUNTIFS(TablaMóviles[Región],"UTIM NQN",TablaMóviles[Año],2022,TablaMóviles[Cliente],"PECOM") -> 0 | I13: =COUNTIFS(TablaMóviles[Región],"UTIM NQN",TablaMóviles[Año],2023,TablaMóviles[Cliente],"PECOM") -> 0 | J13: =COUNTIFS(TablaMóviles[Región],"UTIM NQN",TablaMóviles[Año],2024,TablaMóviles[Cliente],"PECOM") -> 0 | K13: =COUNTIFS(TablaMóviles[Región],"UTIM NQN",TablaMóviles[Año],2025,TablaMóviles[Cliente],"PECOM") -> 0 | L13: =SUM(D13:K13) -> 1
B14: Back Up | C14: =SUM(D14:K14) -> 9 | D14: =COUNTIFS(TablaMóviles[Región],"UTIM NQN",TablaMóviles[Año],2017,TablaMóviles[Cliente],"BACK UP") -> 3 | E14: =COUNTIFS(TablaMóviles[Región],"UTIM NQN",TablaMóviles[Año],2018,TablaMóviles[Cliente],"BACK UP") -> 2 | F14: =COUNTIFS(TablaMóviles[Región],"UTIM NQN",TablaMóviles[Año],2019,TablaMóviles[Cliente],"BACK UP") -> 2 | G14: =COUNTIFS(TablaMóviles[Región],"UTIM NQN",TablaMóviles[Año],2021,TablaMóviles[Cliente],"BACK UP") -> 0 | H14: =COUNTIFS(TablaMóviles[Región],"UTIM NQN",TablaMóviles[Año],2022,TablaMóviles[Cliente],"BACK UP") -> 0 | I14: =COUNTIFS(TablaMóviles[Región],"UTIM NQN",TablaMóviles[Año],2023,TablaMóviles[Cliente],"BACK UP") -> 2 | J14: =COUNTIFS(TablaMóviles[Región],"UTIM NQN",TablaMóviles[Año],2024,TablaMóviles[Cliente],"BACK UP") -> 0 | K14: =COUNTIFS(TablaMóviles[Región],"UTIM NQN",TablaMóviles[Año],2025,TablaMóviles[Cliente],"BACK UP") -> 0 | L14: =SUM(D14:K14) -> 9
A15: Subtotal Neuquén | C15: =SUM(C7:C14) -> 45 | D15: =SUM(D7:D14) -> 6 | E15: =SUM(E7:E14) -> 2 | F15: =SUM(F7:F14) -> 18 | G15: =SUM(G7:G14) -> 0 | H15: =SUM(H7:H14) -> 0 | I15: =SUM(I7:I14) -> 13 | J15: =SUM(J7:J14) -> 6 | ... L15: =SUM(L7:L14) -> 45
A16: San Juan | B16: Vicuña | C16: =SUM(D16:K16) -> 17 | D16: =COUNTIFS(TablaMóviles[Región],"UTIM SJ",TablaMóviles[Año],2017,TablaMóviles[Cliente],"Vicuña") -> 0 | E16: =COUNTIFS(TablaMóviles[Región],"UTIM SJ",TablaMóviles[Año],2018,TablaMóviles[Cliente],"Vicuña") -> 0 | F16: =COUNTIFS(TablaMóviles[Región],"UTIM SJ",TablaMóviles[Año],2019,TablaMóviles[Cliente],"Vicuña") -> 1 | G16: =COUNTIFS(TablaMóviles[Región],"UTIM SJ",TablaMóviles[Año],2021,TablaMóviles[Cliente],"Vicuña") -> 0 | H16: =COUNTIFS(TablaMóviles[Región],"UTIM SJ",TablaMóviles[Año],2022,TablaMóviles[Cliente],"Vicuña") -> 3 | I16: =COUNTIFS(TablaMóviles[Región],"UTIM SJ",TablaMóviles[Año],2023,TablaMóviles[Cliente],"Vicuña") -> 2 | J16: =COUNTIFS(TablaMóviles[Región],"UTIM SJ",TablaMóviles[Año],2024,TablaMóviles[Cliente],"Vicuña") -> 6 | K16: =COUNTIFS(TablaMóviles[Región],"UTIM SJ",TablaMóviles[Año],2025,TablaMóviles[Cliente],"Vicuña") -> 5 | L16: =SUM(D16:K16) -> 17
B17: Back Up | C17: =SUM(D17:K17) -> 4 | D17: =COUNTIFS(TablaMóviles[Región],"UTIM SJ",TablaMóviles[Año],2017,TablaMóviles[Cliente],"BACK UP") -> 1 | E17: =COUNTIFS(TablaMóviles[Región],"UTIM SJ",TablaMóviles[Año],2018,TablaMóviles[Cliente],"BACK UP") -> 0 | F17: =COUNTIFS(TablaMóviles[Región],"UTIM SJ",TablaMóviles[Año],2019,TablaMóviles[Cliente],"BACK UP") -> 0 | G17: =COUNTIFS(TablaMóviles[Región],"UTIM SJ",TablaMóviles[Año],2021,TablaMóviles[Cliente],"BACK UP") -> 0 | H17: =COUNTIFS(TablaMóviles[Región],"UTIM SJ",TablaMóviles[Año],2022,TablaMóviles[Cliente],"BACK UP") -> 3 | I17: =COUNTIFS(TablaMóviles[Región],"UTIM SJ",TablaMóviles[Año],2023,TablaMóviles[Cliente],"BACK UP") -> 0 | J17: =COUNTIFS(TablaMóviles[Región],"UTIM SJ",TablaMóviles[Año],2024,TablaMóviles[Cliente],"BACK UP") -> 0 | K17: =COUNTIFS(TablaMóviles[Región],"UTIM SJ",TablaMóviles[Año],2025,TablaMóviles[Cliente],"BACK UP") -> 0 | L17: =SUM(D17:K17) -> 4
B18: En Reparación | C18: =SUM(D18:K18) -> 1 | D18: =COUNTIFS(TablaMóviles[Región],"UTIM SJ",TablaMóviles[Año],D$6,TablaMóviles[Estado],"En Reparación",TablaMóviles[Cliente],"<>BACK UP",TablaMóviles[Cliente],"<>Vicuña",TablaMóviles[Cliente],"<>NGEX") -> 0 | E18: =COUNTIFS(TablaMóviles[Región],"UTIM SJ",TablaMóviles[Año],E$6,TablaMóviles[Estado],"En Reparación",TablaMóviles[Cliente],"<>BACK UP",TablaMóviles[Cliente],"<>Vicuña",TablaMóviles[Cliente],"<>NGEX") -> 0 | F18: =COUNTIFS(TablaMóviles[Región],"UTIM SJ",TablaMóviles[Año],F$6,TablaMóviles[Estado],"En Reparación",TablaMóviles[Cliente],"<>BACK UP",TablaMóviles[Cliente],"<>Vicuña",TablaMóviles[Cliente],"<>NGEX") -> 0 | G18: =COUNTIFS(TablaMóviles[Región],"UTIM SJ",TablaMóviles[Año],G$6,TablaMóviles[Estado],"En Reparación",TablaMóviles[Cliente],"<>BACK UP",TablaMóviles[Cliente],"<>Vicuña",TablaMóviles[Cliente],"<>NGEX") -> 0 | H18: =COUNTIFS(TablaMóviles[Región],"UTIM SJ",TablaMóviles[Año],H$6,TablaMóviles[Estado],"En Reparación",TablaMóviles[Cliente],"<>BACK UP",TablaMóviles[Cliente],"<>Vicuña",TablaMóviles[Cliente],"<>NGEX") -> 1 | I18: =COUNTIFS(TablaMóviles[Región],"UTIM SJ",TablaMóviles[Año],I$6,TablaMóviles[Estado],"En Reparación",TablaMóviles[Cliente],"<>BACK UP",TablaMóviles[Cliente],"<>Vicuña",TablaMóviles[Cliente],"<>NGEX") -> 0 | J18: =COUNTIFS(TablaMóviles[Región],"UTIM SJ",TablaMóviles[Año],J$6,TablaMóviles[Estado],"En Reparación",TablaMóviles[Cliente],"<>BACK UP",TablaMóviles[Cliente],"<>Vicuña",TablaMóviles[Cliente],"<>NGEX") -> 0 | K18: =COUNTIFS(TablaMóviles[Región],"UTIM SJ",TablaMóviles[Año],K$6,TablaMóviles[Estado],"En Reparación",TablaMóviles[Cliente],"<>BACK UP",TablaMóviles[Cliente],"<>Vicuña",TablaMóviles[Cliente],"<>NGEX") -> 0 | L18: =SUM(D18:K18) -> 1
A19: Subtotal San Juan | C19: =SUM(C16:C18) -> 22 | D19: =SUM(D16:D18) -> 1 | E19: =SUM(E16:E18) -> 0 | F19: =SUM(F16:F18) -> 1 | G19: =SUM(G16:G18) -> 0 | H19: =SUM(H16:H18) -> 7 | I19: =SUM(I16:I18) -> 2 | J19: =SUM(J16:J18) -> 6 | ... L19: =SUM(L16:L18) -> 22
A20: Salta | B20: Ganfeng | C20: =SUM(D20:K20) -> 4 | D20: =COUNTIFS(TablaMóviles[Región],"UTIM SALTA",TablaMóviles[Año],2017,TablaMóviles[Cliente],"Ganfeng") -> 0 | E20: =COUNTIFS(TablaMóviles[Región],"UTIM SALTA",TablaMóviles[Año],2018,TablaMóviles[Cliente],"Ganfeng") -> 0 | F20: =COUNTIFS(TablaMóviles[Región],"UTIM SALTA",TablaMóviles[Año],2019,TablaMóviles[Cliente],"Ganfeng") -> 1 | G20: =COUNTIFS(TablaMóviles[Región],"UTIM SALTA",TablaMóviles[Año],2021,TablaMóviles[Cliente],"Ganfeng") -> 0 | H20: =COUNTIFS(TablaMóviles[Región],"UTIM SALTA",TablaMóviles[Año],2022,TablaMóviles[Cliente],"Ganfeng") -> 0 | I20: =COUNTIFS(TablaMóviles[Región],"UTIM SALTA",TablaMóviles[Año],2023,TablaMóviles[Cliente],"Ganfeng") -> 2 | J20: =COUNTIFS(TablaMóviles[Región],"UTIM SALTA",TablaMóviles[Año],2024,TablaMóviles[Cliente],"Ganfeng") -> 1 | K20: =COUNTIFS(TablaMóviles[Región],"UTIM SALTA",TablaMóviles[Año],2025,TablaMóviles[Cliente],"Ganfeng") -> 0 | L20: =SUM(D20:K20) -> 4
B21: Inthegra | C21: =SUM(D21:K21) -> 1 | D21: =COUNTIFS(TablaMóviles[Región],"UTIM SALTA",TablaMóviles[Año],2017,TablaMóviles[Cliente],"INTEGRA") -> 0 | E21: =COUNTIFS(TablaMóviles[Región],"UTIM SALTA",TablaMóviles[Año],2018,TablaMóviles[Cliente],"INTEGRA") -> 0 | F21: =COUNTIFS(TablaMóviles[Región],"UTIM SALTA",TablaMóviles[Año],2019,TablaMóviles[Cliente],"INTEGRA") -> 1 | G21: =COUNTIFS(TablaMóviles[Región],"UTIM SALTA",TablaMóviles[Año],2021,TablaMóviles[Cliente],"INTEGRA") -> 0 | H21: =COUNTIFS(TablaMóviles[Región],"UTIM SALTA",TablaMóviles[Año],2022,TablaMóviles[Cliente],"INTEGRA") -> 0 | I21: =COUNTIFS(TablaMóviles[Región],"UTIM SALTA",TablaMóviles[Año],2023,TablaMóviles[Cliente],"INTEGRA") -> 0 | J21: =COUNTIFS(TablaMóviles[Región],"UTIM SALTA",TablaMóviles[Año],2024,TablaMóviles[Cliente],"INTEGRA") -> 0 | K21: =COUNTIFS(TablaMóviles[Región],"UTIM SALTA",TablaMóviles[Año],2025,TablaMóviles[Cliente],"INTEGRA") -> 0 | L21: =SUM(D21:K21) -> 1
B22: Hannaq | C22: =SUM(D22:K22) -> 1 | D22: =COUNTIFS(TablaMóviles[Región],"UTIM SALTA",TablaMóviles[Año],D$6,TablaMóviles[Cliente],"HANNAQ") -> 0 | E22: =COUNTIFS(TablaMóviles[Región],"UTIM SALTA",TablaMóviles[Año],E$6,TablaMóviles[Cliente],"HANNAQ") -> 0 | F22: =COUNTIFS(TablaMóviles[Región],"UTIM SALTA",TablaMóviles[Año],F$6,TablaMóviles[Cliente],"HANNAQ") -> 0 | G22: =COUNTIFS(TablaMóviles[Región],"UTIM SALTA",TablaMóviles[Año],G$6,TablaMóviles[Cliente],"HANNAQ") -> 0 | H22: =COUNTIFS(TablaMóviles[Región],"UTIM SALTA",TablaMóviles[Año],H$6,TablaMóviles[Cliente],"HANNAQ") -> 0 | I22: =COUNTIFS(TablaMóviles[Región],"UTIM SALTA",TablaMóviles[Año],I$6,TablaMóviles[Cliente],"HANNAQ") -> 0 | J22: =COUNTIFS(TablaMóviles[Región],"UTIM SALTA",TablaMóviles[Año],J$6,TablaMóviles[Cliente],"HANNAQ") -> 0 | K22: =COUNTIFS(TablaMóviles[Región],"UTIM SALTA",TablaMóviles[Año],K$6,TablaMóviles[Cliente],"HANNAQ") -> 1 | L22: =SUM(D22:K22) -> 1
B23: Back Up | C23: =SUM(D23:K23) -> 4 | D23: =COUNTIFS(TablaMóviles[Región],"UTIM SALTA",TablaMóviles[Año],2017,TablaMóviles[Cliente],"BACK UP") -> 2 | E23: =COUNTIFS(TablaMóviles[Región],"UTIM SALTA",TablaMóviles[Año],2018,TablaMóviles[Cliente],"BACK UP") -> 0 | F23: =COUNTIFS(TablaMóviles[Región],"UTIM SALTA",TablaMóviles[Año],2019,TablaMóviles[Cliente],"BACK UP") -> 1 | G23: =COUNTIFS(TablaMóviles[Región],"UTIM SALTA",TablaMóviles[Año],2021,TablaMóviles[Cliente],"BACK UP") -> 0 | H23: =COUNTIFS(TablaMóviles[Región],"UTIM SALTA",TablaMóviles[Año],2022,TablaMóviles[Cliente],"BACK UP") -> 0 | I23: =COUNTIFS(TablaMóviles[Región],"UTIM SALTA",TablaMóviles[Año],2023,TablaMóviles[Cliente],"BACK UP") -> 0 | J23: =COUNTIFS(TablaMóviles[Región],"UTIM SALTA",TablaMóviles[Año],2024,TablaMóviles[Cliente],"BACK UP") -> 1 | K23: =COUNTIFS(TablaMóviles[Región],"UTIM SALTA",TablaMóviles[Año],2025,TablaMóviles[Cliente],"BACK UP") -> 0 | L23: =SUM(D23:K23) -> 4
A24: Subtotal Salta | C24: =SUM(C20:C23) -> 10 | D24: =SUM(D20:D23) -> 2 | E24: =SUM(E20:E23) -> 0 | F24: =SUM(F20:F23) -> 3 | G24: =SUM(G20:G23) -> 0 | H24: =SUM(H20:H23) -> 0 | I24: =SUM(I20:I23) -> 2 | J24: =SUM(J20:J23) -> 2 | ... L24: =SUM(L20:L23) -> 10
A26: TOTAL UTIM | C26: =+C15+C19+C24 -> 77 | D26: =+D15+D19+D24 -> 9 | E26: =+E15+E19+E24 -> 2 | F26: =+F15+F19+F24 -> 22 | G26: =+G15+G19+G24 -> 0 | H26: =+H15+H19+H24 -> 7 | I26: =+I15+I19+I24 -> 17 | J26: =+J15+J19+J24 -> 14 | ... L26: =+L15+L19+L24 -> 77
A28: Logística — Vehículos de traslado de personal
A29: Región | B29: Cliente / Asignación | C29: Total | D29: 2017 | E29: 2018 | F29: 2019 | G29: 2021 | H29: 2022 | I29: 2023 | J29: 2024 | K29: 2025 | L29: Total
A30: Neuquén | B30: Trasl Personal | C30: — | D30: — | E30: — | F30: — | G30: — | H30: — | I30: — | J30: — | K30: — | L30: —
B31: Trasl Personal Capex | C31: — | D31: — | E31: — | F31: — | G31: — | H31: — | I31: — | J31: — | K31: — | L31: —
B32: Trasl Personal CIPH | C32: — | D32: — | E32: — | F32: — | G32: — | H32: — | I32: — | J32: — | K32: — | L32: —
B33: Enfermeria Chocon | C33: — | D33: — | E33: — | F33: — | G33: — | H33: — | I33: — | J33: — | K33: — | L33: —
B34: Mantenimiento | C34: — | D34: — | E34: — | F34: — | G34: — | H34: — | I34: — | J34: — | K34: — | L34: —
B35: Logistica - Transporte | C35: — | D35: — | E35: — | F35: — | G35: — | H35: — | I35: — | J35: — | K35: — | L35: —
B36: Supervisores | C36: — | D36: — | E36: — | F36: — | G36: — | H36: — | I36: — | J36: — | K36: — | L36: —
B37: Gerencial | C37: — | D37: — | E37: — | F37: — | G37: — | H37: — | I37: — | J37: — | K37: — | L37: —
B38: Pañol | C38: — | D38: — | E38: — | F38: — | G38: — | H38: — | I38: — | J38: — | K38: — | L38: —
A39: Subtotal Logística Neuquén | C39: =SUM(D39:K39) -> 20 | D39: =COUNTIFS(TablaMóviles[Región],"LOGISTICA NQN",TablaMóviles[Año],D$6) -> 2 | E39: =COUNTIFS(TablaMóviles[Región],"LOGISTICA NQN",TablaMóviles[Año],E$6) -> 1 | F39: =COUNTIFS(TablaMóviles[Región],"LOGISTICA NQN",TablaMóviles[Año],F$6) -> 2 | G39: =COUNTIFS(TablaMóviles[Región],"LOGISTICA NQN",TablaMóviles[Año],G$6) -> 1 | H39: =COUNTIFS(TablaMóviles[Región],"LOGISTICA NQN",TablaMóviles[Año],H$6) -> 5 | I39: =COUNTIFS(TablaMóviles[Región],"LOGISTICA NQN",TablaMóviles[Año],I$6) -> 1 | J39: =COUNTIFS(TablaMóviles[Región],"LOGISTICA NQN",TablaMóviles[Año],J$6) -> 6 | K39: =COUNTIFS(TablaMóviles[Región],"LOGISTICA NQN",TablaMóviles[Año],K$6) -> 2 | L39: =SUM(D39:K39) -> 20
A40: San Juan | B40: Vicuña | C40: — | D40: — | E40: — | F40: — | G40: — | H40: — | I40: — | J40: — | K40: — | L40: —
B41: Ngex | C41: — | D41: — | E41: — | F41: — | G41: — | H41: — | I41: — | J41: — | K41: — | L41: —
B42: Vehiculo Guia | C42: — | D42: — | E42: — | F42: — | G42: — | H42: — | I42: — | J42: — | K42: — | L42: —
B43: Back Up | C43: — | D43: — | E43: — | F43: — | G43: — | H43: — | I43: — | J43: — | K43: — | L43: —
B44: Gerente | C44: — | D44: — | E44: — | F44: — | G44: — | H44: — | I44: — | J44: — | K44: — | L44: —
A45: Subtotal Logísitca San Juan | C45: =SUM(D45:K45) -> 6 | D45: =COUNTIFS(TablaMóviles[Región],"LOGISTICA SJ",TablaMóviles[Año],D$6) -> 0 | E45: =COUNTIFS(TablaMóviles[Región],"LOGISTICA SJ",TablaMóviles[Año],E$6) -> 0 | F45: =COUNTIFS(TablaMóviles[Región],"LOGISTICA SJ",TablaMóviles[Año],F$6) -> 1 | G45: =COUNTIFS(TablaMóviles[Región],"LOGISTICA SJ",TablaMóviles[Año],G$6) -> 0 | H45: =COUNTIFS(TablaMóviles[Región],"LOGISTICA SJ",TablaMóviles[Año],H$6) -> 3 | I45: =COUNTIFS(TablaMóviles[Región],"LOGISTICA SJ",TablaMóviles[Año],I$6) -> 1 | J45: =COUNTIFS(TablaMóviles[Región],"LOGISTICA SJ",TablaMóviles[Año],J$6) -> 0 | K45: =COUNTIFS(TablaMóviles[Región],"LOGISTICA SJ",TablaMóviles[Año],K$6) -> 1 | L45: =SUM(D45:K45) -> 6
A46: Salta | B46: Trans Personal | C46: — | D46: — | E46: — | F46: — | G46: — | H46: — | I46: — | J46: — | K46: — | L46: —
A47: Subtotal Logística Salta | C47: =SUM(D47:K47) -> 2 | D47: =COUNTIFS(TablaMóviles[Región],"LOGISTICA SALTA",TablaMóviles[Año],D$6) -> 0 | E47: =COUNTIFS(TablaMóviles[Región],"LOGISTICA SALTA",TablaMóviles[Año],E$6) -> 0 | F47: =COUNTIFS(TablaMóviles[Región],"LOGISTICA SALTA",TablaMóviles[Año],F$6) -> 0 | G47: =COUNTIFS(TablaMóviles[Región],"LOGISTICA SALTA",TablaMóviles[Año],G$6) -> 0 | H47: =COUNTIFS(TablaMóviles[Región],"LOGISTICA SALTA",TablaMóviles[Año],H$6) -> 0 | I47: =COUNTIFS(TablaMóviles[Región],"LOGISTICA SALTA",TablaMóviles[Año],I$6) -> 0 | J47: =COUNTIFS(TablaMóviles[Región],"LOGISTICA SALTA",TablaMóviles[Año],J$6) -> 1 | K47: =COUNTIFS(TablaMóviles[Región],"LOGISTICA SALTA",TablaMóviles[Año],K$6) -> 1 | L47: =SUM(D47:K47) -> 2
A48: Otros | B48: PAMI | C48: =SUM(D48:K48) -> 3 | D48: =COUNTIFS(TablaMóviles[Región],"PAMI",TablaMóviles[Año],D$6) -> 2 | E48: =COUNTIFS(TablaMóviles[Región],"PAMI",TablaMóviles[Año],E$6) -> 0 | F48: =COUNTIFS(TablaMóviles[Región],"PAMI",TablaMóviles[Año],F$6) -> 1 | G48: =COUNTIFS(TablaMóviles[Región],"PAMI",TablaMóviles[Año],G$6) -> 0 | H48: =COUNTIFS(TablaMóviles[Región],"PAMI",TablaMóviles[Año],H$6) -> 0 | I48: =COUNTIFS(TablaMóviles[Región],"PAMI",TablaMóviles[Año],I$6) -> 0 | J48: =COUNTIFS(TablaMóviles[Región],"PAMI",TablaMóviles[Año],J$6) -> 0 | K48: =COUNTIFS(TablaMóviles[Región],"PAMI",TablaMóviles[Año],K$6) -> 0 | L48: =SUM(D48:K48) -> 3
B49: Alquilados | C49: =SUM(D49:K49) -> 1 | D49: =COUNTIFS(TablaMóviles[Región],"Alquilados",TablaMóviles[Año],D$6) -> 0 | E49: =COUNTIFS(TablaMóviles[Región],"Alquilados",TablaMóviles[Año],E$6) -> 0 | F49: =COUNTIFS(TablaMóviles[Región],"Alquilados",TablaMóviles[Año],F$6) -> 0 | G49: =COUNTIFS(TablaMóviles[Región],"Alquilados",TablaMóviles[Año],G$6) -> 0 | H49: =COUNTIFS(TablaMóviles[Región],"Alquilados",TablaMóviles[Año],H$6) -> 0 | I49: =COUNTIFS(TablaMóviles[Región],"Alquilados",TablaMóviles[Año],I$6) -> 0 | J49: =COUNTIFS(TablaMóviles[Región],"Alquilados",TablaMóviles[Año],J$6) -> 0 | K49: =COUNTIFS(TablaMóviles[Región],"Alquilados",TablaMóviles[Año],K$6) -> 1 | L49: =SUM(D49:K49) -> 1
A50: Subtotal Otros | C50: =C48+C49 -> 4 | D50: =D48+D49 -> 2 | E50: =E48+E49 -> 0 | F50: =F48+F49 -> 1 | G50: =G48+G49 -> 0 | H50: =H48+H49 -> 0 | I50: =I48+I49 -> 0 | J50: =J48+J49 -> 0 | ... L50: =L48+L49 -> 4
A53: TOTAL Logística | C53: =+C39+C45+C47+C50 -> 32 | D53: =+D39+D45+D47+D50 -> 4 | E53: =+E39+E45+E47+E50 -> 1 | F53: =+F39+F45+F47+F50 -> 4 | G53: =+G39+G45+G47+G50 -> 1 | H53: =+H39+H45+H47+H50 -> 8 | I53: =+I39+I45+I47+I50 -> 2 | J53: =+J39+J45+J47+J50 -> 7 | ... L53: =+L39+L45+L47+L50 -> 32
A55: TOTAL GENERAL | C55: =+C53+C26 -> 109 | D55: =+D53+D26 -> 13 | E55: =+E53+E26 -> 3 | F55: =+F53+F26 -> 26 | G55: =+G53+G26 -> 1 | H55: =+H53+H26 -> 15 | I55: =+I53+I26 -> 19 | J55: =+J53+J26 -> 21 | ... L55: =+L53+L26 -> 109

Sheet Resumen
A1: DASHBOARD — ESTADO DE MÓVILES · MAYO 2026
A2: Actualización automática: modificá hoja Datos → Fórmulas → Calcular ahora (F9)
A4: TOTAL MÓVILES | C4: ASIGNADOS | E4: DISPONIBLES | G4: BACK UP
A5: =COUNTA(Datos!$M$3:$M$111) -> 109 | C5: =COUNTIF(Datos!$M$3:$M$111,"Asignado") -> 86 | E5: =COUNTIF(Datos!$M$3:$M$111,"Disponible") -> 0 | G5: =COUNTIF(Datos!$M$3:$M$111,"Back Up") -> 17
C7: =TEXT(COUNTIF(Datos!$M$3:$M$111,"Asignado")/COUNTA(Datos!$M$3:$M$111),"0.0%")&" de la flota" -> 79% de la flota | E7: =TEXT(COUNTIF(Datos!$M$3:$M$111,"Disponible")/COUNTA(Datos!$M$3:$M$111),"0.0%")&" de la flota" -> 00% de la flota | G7: =TEXT(COUNTIF(Datos!$M$3:$M$111,"Back Up")/COUNTA(Datos!$M$3:$M$111),"0.0%")&" de la flota" -> 16% de la flota
A8: EN REPARACIÓN | C8: =COUNTIF(Datos!$M$3:$M$111,"En Reparación")&" unidades · "&TEXT(COUNTIF(Datos!$M$3:$M$111,"En Reparación")/COUNTA(Datos!$M$3:$M$111),"0.0%")&" de la flota" -> 6 unidades · 06% de la flota
A10: APERTURA POR REGIÓN OPERATIVA
A11: Región | B11: Total | C11: Asignados | D11: Disponibles | E11: Back Up | F11: En Reparación | G11: % Disponible | H11: % Ocupación
A12: UTIM NQN | B12: =COUNTIF(Datos!$A$3:$A$111,A12) -> 45 | C12: =COUNTIFS(Datos!$A$3:$A$111,A12,Datos!$M$3:$M$111,"Asignado") -> 36 | D12: =COUNTIFS(Datos!$A$3:$A$111,A12,Datos!$M$3:$M$111,"Disponible") -> 0 | E12: =COUNTIFS(Datos!$A$3:$A$111,A12,Datos!$M$3:$M$111,"Back Up") -> 6 | F12: =COUNTIFS(Datos!$A$3:$A$111,A12,Datos!$M$3:$M$111,"En Reparación") -> 3 | G12: =D12/B12 -> 0 | H12: =C12/B12 -> 0.8
A13: UTIM SJ | B13: =COUNTIF(Datos!$A$3:$A$111,A13) -> 22 | C13: =COUNTIFS(Datos!$A$3:$A$111,A13,Datos!$M$3:$M$111,"Asignado") -> 13 | D13: =COUNTIFS(Datos!$A$3:$A$111,A13,Datos!$M$3:$M$111,"Disponible") -> 0 | E13: =COUNTIFS(Datos!$A$3:$A$111,A13,Datos!$M$3:$M$111,"Back Up") -> 6 | F13: =COUNTIFS(Datos!$A$3:$A$111,A13,Datos!$M$3:$M$111,"En Reparación") -> 3 | G13: =D13/B13 -> 0 | H13: =C13/B13 -> 0.59090909
A14: UTIM SALTA | B14: =COUNTIF(Datos!$A$3:$A$111,A14) -> 10 | C14: =COUNTIFS(Datos!$A$3:$A$111,A14,Datos!$M$3:$M$111,"Asignado") -> 6 | D14: =COUNTIFS(Datos!$A$3:$A$111,A14,Datos!$M$3:$M$111,"Disponible") -> 0 | E14: =COUNTIFS(Datos!$A$3:$A$111,A14,Datos!$M$3:$M$111,"Back Up") -> 4 | F14: =COUNTIFS(Datos!$A$3:$A$111,A14,Datos!$M$3:$M$111,"En Reparación") -> 0 | G14: =D14/B14 -> 0 | H14: =C14/B14 -> 0.6
A15: PAMI | B15: =COUNTIF(Datos!$A$3:$A$111,A15) -> 3 | C15: =COUNTIFS(Datos!$A$3:$A$111,A15,Datos!$M$3:$M$111,"Asignado") -> 2 | D15: =COUNTIFS(Datos!$A$3:$A$111,A15,Datos!$M$3:$M$111,"Disponible") -> 0 | E15: =COUNTIFS(Datos!$A$3:$A$111,A15,Datos!$M$3:$M$111,"Back Up") -> 1 | F15: =COUNTIFS(Datos!$A$3:$A$111,A15,Datos!$M$3:$M$111,"En Reparación") -> 0 | G15: =D15/B15 -> 0 | H15: =C15/B15 -> 0.66666667
A16: LOGISTICA NQN | B16: =COUNTIF(Datos!$A$3:$A$111,A16) -> 20 | C16: =COUNTIFS(Datos!$A$3:$A$111,A16,Datos!$M$3:$M$111,"Asignado") -> 20 | D16: =COUNTIFS(Datos!$A$3:$A$111,A16,Datos!$M$3:$M$111,"Disponible") -> 0 | E16: =COUNTIFS(Datos!$A$3:$A$111,A16,Datos!$M$3:$M$111,"Back Up") -> 0 | F16: =COUNTIFS(Datos!$A$3:$A$111,A16,Datos!$M$3:$M$111,"En Reparación") -> 0 | G16: =D16/B16 -> 0 | H16: =C16/B16 -> 1
A17: LOGISTICA SJ | B17: =COUNTIF(Datos!$A$3:$A$111,A17) -> 6 | C17: =COUNTIFS(Datos!$A$3:$A$111,A17,Datos!$M$3:$M$111,"Asignado") -> 6 | D17: =COUNTIFS(Datos!$A$3:$A$111,A17,Datos!$M$3:$M$111,"Disponible") -> 0 | E17: =COUNTIFS(Datos!$A$3:$A$111,A17,Datos!$M$3:$M$111,"Back Up") -> 0 | F17: =COUNTIFS(Datos!$A$3:$A$111,A17,Datos!$M$3:$M$111,"En Reparación") -> 0 | G17: =D17/B17 -> 0 | H17: =C17/B17 -> 1
A18: LOGISTICA SALTA | B18: =COUNTIF(Datos!$A$3:$A$111,A18) -> 2 | C18: =COUNTIFS(Datos!$A$3:$A$111,A18,Datos!$M$3:$M$111,"Asignado") -> 2 | D18: =COUNTIFS(Datos!$A$3:$A$111,A18,Datos!$M$3:$M$111,"Disponible") -> 0 | E18: =COUNTIFS(Datos!$A$3:$A$111,A18,Datos!$M$3:$M$111,"Back Up") -> 0 | F18: =COUNTIFS(Datos!$A$3:$A$111,A18,Datos!$M$3:$M$111,"En Reparación") -> 0 | G18: =D18/B18 -> 0 | H18: =C18/B18 -> 1
A19: Alquilados | B19: =COUNTIF(Datos!$A$3:$A$111,A19) -> 1 | C19: =COUNTIFS(Datos!$A$3:$A$111,A19,Datos!$M$3:$M$111,"Asignado") -> 1 | D19: =COUNTIFS(Datos!$A$3:$A$111,A19,Datos!$M$3:$M$111,"Disponible") -> 0 | E19: =COUNTIFS(Datos!$A$3:$A$111,A19,Datos!$M$3:$M$111,"Back Up") -> 0 | F19: =COUNTIFS(Datos!$A$3:$A$111,A19,Datos!$M$3:$M$111,"En Reparación") -> 0 | G19: =D19/B19 -> 0 | H19: =C19/B19 -> 1
A20: TOTAL | B20: =SUM(B12:B19) -> 109 | C20: =SUM(C12:C19) -> 86 | D20: =SUM(D12:D19) -> 0 | E20: =SUM(E12:E19) -> 17 | F20: =SUM(F12:F19) -> 6 | G20: =D20/B20 -> 0 | H20: =C20/B20 -> 0.78899083

Sheet Datos
A1: BASE DE DATOS — MÓVILES OPERATIVOS · Actualizá esta hoja mensualmente
A2: Región | B2: Vertical | C2: N° Interno | D2: Dominio | E2: Tipo | F2: Modelo | G2: Año | H2: Habilitación | I2: Cliente | J2: Área | K2: Carácter | L2: Provincia | M2: Estado | N2: Clasificación | O2: Flota | P2: Antigüedad | Q2: Límite (años) | R2: Año Repo. Base | S2: Año Repo. Opt. | T2: Columna1 | U2: Columna2
A3: PAMI | B3: Petróleo | C3: UDEM | D3: AB310UB | E3: FURGON | F3: Boxer 350 LH 2.3 HDI Confort | G3: 2017 | H3: HABILITACION RN | I3: PAMI | L3: Río Negro | M3: Asignado | N3: Cliente Externo | O3: =IF(ISNUMBER(SEARCH("UTIM",A3)),"UTIM","Logística") -> Logística | P3: =2026-G3 -> 9 | Q3: =IF(I3="UCI","",IF(I3="VISTA OIL",5,IF(B3="Petróleo",8,IF(B3="Minería",3,10)))) -> 8 | R3: =IF(Q3="","",G3+Q3+1) -> 2026 | S3: =IF(Q3="","",IF(AND(B3="Minería",P3<=8),G3+8+1,R3)) -> 2026
A4: UTIM SALTA | B4: BackUp | C4: 180 | D4: AB097AU | E4: AMBULANCIA | F4: TOYOTA HILUX 4X4 CS DX 2.4 TDI 6 MT | G4: 2017 | H4: HABILITACION NACIONAL | I4: BACK UP | L4: Nacional/Pendiente | M4: Back Up | N4: Back Up | O4: =IF(ISNUMBER(SEARCH("UTIM",A4)),"UTIM","Logística") -> UTIM | P4: =2026-G4 -> 9 | Q4: =IF(I4="UCI","",IF(I4="VISTA OIL",5,IF(B4="Petróleo",8,IF(B4="Minería",3,10)))) -> 10 | R4: =IF(Q4="","",G4+Q4+1) -> 2028 | S4: =IF(Q4="","",IF(AND(B4="Minería",P4<=8),G4+8+1,R4)) -> 2028
A5: UTIM NQN | B5: OOD | C5: 215 | D5: AC329GI | E5: AMBULANCIA | F5: Toyota Hilux 4x4 2.5 TDI | G5: 2017 | H5: HABILITACION RN | I5: TECHINT | J5: Duplicar Norte | K5: Fija | L5: Río Negro | M5: Asignado | N5: Cliente Externo | O5: =IF(ISNUMBER(SEARCH("UTIM",A5)),"UTIM","Logística") -> UTIM | P5: =2026-G5 -> 9 | Q5: =IF(I5="UCI","",IF(I5="VISTA OIL",5,IF(B5="Petróleo",8,IF(B5="Minería",3,10)))) -> 10 | R5: =IF(Q5="","",G5+Q5+1) -> 2028 | S5: =IF(Q5="","",IF(AND(B5="Minería",P5<=8),G5+8+1,R5)) -> 2028
A6: UTIM NQN | B6: Petróleo | C6: 188 | D6: AB960ZM | E6: AMBULANCIA | F6: Toyota Hilux 4x4 2.5 TDI | G6: 2017 | H6: HABILITACION NEUQUEN | I6: BACK UP | J6: CAMBIO AC329GK | L6: Neuquén | M6: En Reparación | N6: En Reparación | O6: =IF(ISNUMBER(SEARCH("UTIM",A6)),"UTIM","Logística") -> UTIM | P6: =2026-G6 -> 9 | Q6: =IF(I6="UCI","",IF(I6="VISTA OIL",5,IF(B6="Petróleo",8,IF(B6="Minería",3,10)))) -> 8 | R6: =IF(Q6="","",G6+Q6+1) -> 2026 | S6: =IF(Q6="","",IF(AND(B6="Minería",P6<=8),G6+8+1,R6)) -> 2026 | T6: Disponible? | U6: Taller
A7: UTIM NQN | B7: BackUp | C7: 190 | D7: AB960ZO | E7: AMBULANCIA | F7: Ford Ranger 4x4 2.2L | G7: 2017 | H7: HABILITACION NEUQUEN | I7: BACK UP | J7: OK, NO USAR POR FALTA DE HABILITACION | L7: Neuquén | M7: En Reparación | N7: En Reparación | O7: =IF(ISNUMBER(SEARCH("UTIM",A7)),"UTIM","Logística") -> UTIM | P7: =2026-G7 -> 9 | Q7: =IF(I7="UCI","",IF(I7="VISTA OIL",5,IF(B7="Petróleo",8,IF(B7="Minería",3,10)))) -> 10 | R7: =IF(Q7="","",G7+Q7+1) -> 2028 | S7: =IF(Q7="","",IF(AND(B7="Minería",P7<=8),G7+8+1,R7)) -> 2028 | T7: No está habilitada? | U7: No tiene habilitacion
A8: UTIM NQN | B8: OOD | C8: 189 | D8: AB960ZN | E8: AMBULANCIA | F8: Toyota Hilux 4x4 2.5 TDI | G8: 2017 | H8: HABILITACION NEUQUEN | I8: TECHINT | J8: Duplicar Norte | K8: Fija | L8: Neuquén | M8: Asignado | N8: Cliente Externo | O8: =IF(ISNUMBER(SEARCH("UTIM",A8)),"UTIM","Logística") -> UTIM | P8: =2026-G8 -> 9 | Q8: =IF(I8="UCI","",IF(I8="VISTA OIL",5,IF(B8="Petróleo",8,IF(B8="Minería",3,10)))) -> 10 | R8: =IF(Q8="","",G8+Q8+1) -> 2028 | S8: =IF(Q8="","",IF(AND(B8="Minería",P8<=8),G8+8+1,R8)) -> 2028
A9: UTIM NQN | B9: OOD | C9: 187 | D9: AB960ZL | E9: AMBULANCIA | F9: Toyota Hilux 4x4 2.5 TDI | G9: 2017 | H9: HABILITACION NACIONAL | I9: GENNEIA | J9: PARQUE SOLAR JUNIN | L9: Nacional/Pendiente | M9: Asignado | O9: =IF(ISNUMBER(SEARCH("UTIM",A9)),"UTIM","Logística") -> UTIM | P9: =2026-G9 -> 9 | Q9: =IF(I9="UCI","",IF(I9="VISTA OIL",5,IF(B9="Petróleo",8,IF(B9="Minería",3,10)))) -> 10 | R9: =IF(Q9="","",G9+Q9+1) -> 2028 | S9: =IF(Q9="","",IF(AND(B9="Minería",P9<=8),G9+8+1,R9)) -> 2028
A10: UTIM NQN | B10: OOD | C10: 174 | D10: AA989TZ | E10: AMBULANCIA | F10: Toyota Hilux 4x4 2.5 TDI | G10: 2017 | H10: HABILITACION CHUBUT | I10: BACK UP | J10: BACK UP BUENOS AIRES | L10: Chubut | M10: Back Up | N10: Back Up | O10: =IF(ISNUMBER(SEARCH("UTIM",A10)),"UTIM","Logística") -> UTIM | P10: =2026-G10 -> 9 | Q10: =IF(I10="UCI","",IF(I10="VISTA OIL",5,IF(B10="Petróleo",8,IF(B10="Minería",3,10)))) -> 10 | R10: =IF(Q10="","",G10+Q10+1) -> 2028 | S10: =IF(Q10="","",IF(AND(B10="Minería",P10<=8),G10+8+1,R10)) -> 2028
A11: UTIM NQN | B11: OOD | C11: 222 | D11: AC434SW | E11: AMBULANCIA | F11: Ford Ranger 4x4 2.2L | G11: 2018 | H11: HABILITACION RN | I11: BACK UP | J11: BACK UP BAHIA BLANCA | L11: Neuquén | M11: Back Up | N11: Back Up | O11: =IF(ISNUMBER(SEARCH("UTIM",A11)),"UTIM","Logística") -> UTIM | P11: =2026-G11 -> 8 | Q11: =IF(I11="UCI","",IF(I11="VISTA OIL",5,IF(B11="Petróleo",8,IF(B11="Minería",3,10)))) -> 10 | R11: =IF(Q11="","",G11+Q11+1) -> 2029 | S11: =IF(Q11="","",IF(AND(B11="Minería",P11<=8),G11+8+1,R11)) -> 2029
A12: UTIM NQN | B12: Petróleo | C12: 221 | D12: AC434SV | E12: AMBULANCIA | F12: Ford Ranger 4x4 2.2L | G12: 2018 | H12: HABILITACION NEUQUEN | I12: BACK UP | J12: INSPECCION FISCALIZACION SANIT NQN | L12: Neuquén | M12: Back Up | N12: Back Up | O12: =IF(ISNUMBER(SEARCH("UTIM",A12)),"UTIM","Logística") -> UTIM | P12: =2026-G12 -> 8 | Q12: =IF(I12="UCI","",IF(I12="VISTA OIL",5,IF(B12="Petróleo",8,IF(B12="Minería",3,10)))) -> 8 | R12: =IF(Q12="","",G12+Q12+1) -> 2027 | S12: =IF(Q12="","",IF(AND(B12="Minería",P12<=8),G12+8+1,R12)) -> 2027 | T12: Disponible? | U12: si
A13: UTIM NQN | B13: Petróleo | C13: 276 | D13: AD786XB | E13: AMBULANCIA | F13: Ford Ranger 4x4 2.2L | G13: 2019 | H13: HABILITACION RN | I13: ACONCAGUA | J13: ENTRE LOMAS | K13: Fija | L13: Río Negro | M13: Asignado | N13: Cliente Externo | O13: =IF(ISNUMBER(SEARCH("UTIM",A13)),"UTIM","Logística") -> UTIM | P13: =2026-G13 -> 7 | Q13: =IF(I13="UCI","",IF(I13="VISTA OIL",5,IF(B13="Petróleo",8,IF(B13="Minería",3,10)))) -> 8 | R13: =IF(Q13="","",G13+Q13+1) -> 2028 | S13: =IF(Q13="","",IF(AND(B13="Minería",P13<=8),G13+8+1,R13)) -> 2028
A14: UTIM NQN | B14: Petróleo | C14: 274 | D14: AD776VZ | E14: AMBULANCIA | F14: Ford Ranger 4x4 2.2L | G14: 2019 | H14: HABILITACION NEUQUEN | I14: VISTA OIL | J14: AGUILA MORA | K14: Fija | L14: Neuquén | M14: Asignado | N14: Cliente Externo | O14: =IF(ISNUMBER(SEARCH("UTIM",A14)),"UTIM","Logística") -> UTIM | P14: =2026-G14 -> 7 | Q14: =IF(I14="UCI","",IF(I14="VISTA OIL",5,IF(B14="Petróleo",8,IF(B14="Minería",3,10)))) -> 5 | R14: =IF(Q14="","",G14+Q14+1) -> 2025 | S14: =IF(Q14="","",IF(AND(B14="Minería",P14<=8),G14+8+1,R14)) -> 2025
A15: UTIM NQN | B15: Petróleo | C15: 270 | D15: AD776VS | E15: AMBULANCIA | F15: Ford Ranger 4x4 2.2L | G15: 2019 | H15: HABILITACION RN | I15: BACK UP | J15: REPARACION POR PEDIDA DE ACEITE | L15: Río Negro | M15: En Reparación | N15: En Reparación | O15: =IF(ISNUMBER(SEARCH("UTIM",A15)),"UTIM","Logística") -> UTIM | P15: =2026-G15 -> 7 | Q15: =IF(I15="UCI","",IF(I15="VISTA OIL",5,IF(B15="Petróleo",8,IF(B15="Minería",3,10)))) -> 8 | R15: =IF(Q15="","",G15+Q15+1) -> 2028 | S15: =IF(Q15="","",IF(AND(B15="Minería",P15<=8),G15+8+1,R15)) -> 2028
A16: PAMI | B16: Petróleo | C16: 264 | D16: AD776VM | E16: AMBULANCIA | F16: Ford Ranger 4x4 2.2L | G16: 2019 | H16: HABILITACION RN | I16: PAMI | J16: BACK-UP | L16: Río Negro | M16: Back Up | N16: Back Up | O16: =IF(ISNUMBER(SEARCH("UTIM",A16)),"UTIM","Logística") -> Logística | P16: =2026-G16 -> 7 | Q16: =IF(I16="UCI","",IF(I16="VISTA OIL",5,IF(B16="Petróleo",8,IF(B16="Minería",3,10)))) -> 8 | R16: =IF(Q16="","",G16+Q16+1) -> 2028 | S16: =IF(Q16="","",IF(AND(B16="Minería",P16<=8),G16+8+1,R16)) -> 2028
A17: UTIM NQN | B17: Petróleo | C17: 269 | D17: AD776VR | E17: AMBULANCIA | F17: Ford Ranger 4x4 2.2L | G17: 2019 | H17: HABILITACION NEUQUEN | I17: YPF | J17: CHACHAHUEN | K17: Fija | L17: Neuquén | M17: Asignado | N17: Cliente Externo | O17: =IF(ISNUMBER(SEARCH("UTIM",A17)),"UTIM","Logística") -> UTIM | P17: =2026-G17 -> 7 | Q17: =IF(I17="UCI","",IF(I17="VISTA OIL",5,IF(B17="Petróleo",8,IF(B17="Minería",3,10)))) -> 8 | R17: =IF(Q17="","",G17+Q17+1) -> 2028 | S17: =IF(Q17="","",IF(AND(B17="Minería",P17<=8),G17+8+1,R17)) -> 2028
A18: UTIM NQN | B18: OOD | C18: 280 | D18: AD786XI | E18: AMBULANCIA | F18: Ford Ranger 4x4 2.2L | G18: 2019 | H18: HABILITACION NEUQUEN | I18: TECHINT | J18: Duplicar Norte | K18: Fija | L18: Neuquén | M18: Asignado | N18: Cliente Externo | O18: =IF(ISNUMBER(SEARCH("UTIM",A18)),"UTIM","Logística") -> UTIM | P18: =2026-G18 -> 7 | Q18: =IF(I18="UCI","",IF(I18="VISTA OIL",5,IF(B18="Petróleo",8,IF(B18="Minería",3,10)))) -> 10 | R18: =IF(Q18="","",G18+Q18+1) -> 2030 | S18: =IF(Q18="","",IF(AND(B18="Minería",P18<=8),G18+8+1,R18)) -> 2030
A19: UTIM NQN | B19: OOD | C19: 265 | D19: AD776VN | E19: AMBULANCIA | F19: Ford Ranger 4x4 2.2L | G19: 2019 | H19: HABILITACION NACIONAL | I19: PECOM | J19: CHIVILCOY | L19: Nacional/Pendiente | M19: Asignado | N19: Cliente Externo | O19: =IF(ISNUMBER(SEARCH("UTIM",A19)),"UTIM","Logística") -> UTIM | P19: =2026-G19 -> 7 | Q19: =IF(I19="UCI","",IF(I19="VISTA OIL",5,IF(B19="Petróleo",8,IF(B19="Minería",3,10)))) -> 10 | R19: =IF(Q19="","",G19+Q19+1) -> 2030 | S19: =IF(Q19="","",IF(AND(B19="Minería",P19<=8),G19+8+1,R19)) -> 2030
A20: UTIM NQN | B20: Petróleo | C20: 271 | D20: AD776VT | E20: AMBULANCIA | F20: Ford Ranger 4x4 2.2L | G20: 2019 | H20: HABILITACION NEUQUEN | I20: YPF | J20: BAJO DEL TORO | K20: Fija | L20: Neuquén | M20: Asignado | N20: Cliente Externo | O20: =IF(ISNUMBER(SEARCH("UTIM",A20)),"UTIM","Logística") -> UTIM | P20: =2026-G20 -> 7 | Q20: =IF(I20="UCI","",IF(I20="VISTA OIL",5,IF(B20="Petróleo",8,IF(B20="Minería",3,10)))) -> 8 | R20: =IF(Q20="","",G20+Q20+1) -> 2028 | S20: =IF(Q20="","",IF(AND(B20="Minería",P20<=8),G20+8+1,R20)) -> 2028
A21: UTIM NQN | B21: Petróleo | C21: 266 | D21: AD776VO | E21: AMBULANCIA | F21: Ford Ranger 4x4 2.2L | G21: 2019 | H21: HABILITACION NEUQUEN | I21: YPF | J21: PTG TEX - LLL | K21: Fija | L21: Neuquén | M21: Asignado | N21: Cliente Externo | O21: =IF(ISNUMBER(SEARCH("UTIM",A21)),"UTIM","Logística") -> UTIM | P21: =2026-G21 -> 7 | Q21: =IF(I21="UCI","",IF(I21="VISTA OIL",5,IF(B21="Petróleo",8,IF(B21="Minería",3,10)))) -> 8 | R21: =IF(Q21="","",G21+Q21+1) -> 2028 | S21: =IF(Q21="","",IF(AND(B21="Minería",P21<=8),G21+8+1,R21)) -> 2028
A22: UTIM NQN | B22: Petróleo | C22: 268 | D22: AD776VQ | E22: AMBULANCIA | F22: Ford Ranger 4x4 2.2L | G22: 2019 | H22: HABILITACION NEUQUEN | I22: YPF | J22: SIERRA BARROSA | K22: Fija | L22: Neuquén | M22: Asignado | N22: Cliente Externo | O22: =IF(ISNUMBER(SEARCH("UTIM",A22)),"UTIM","Logística") -> UTIM | P22: =2026-G22 -> 7 | Q22: =IF(I22="UCI","",IF(I22="VISTA OIL",5,IF(B22="Petróleo",8,IF(B22="Minería",3,10)))) -> 8 | R22: =IF(Q22="","",G22+Q22+1) -> 2028 | S22: =IF(Q22="","",IF(AND(B22="Minería",P22<=8),G22+8+1,R22)) -> 2028
A23: UTIM NQN | B23: Petróleo | C23: 282 | D23: AD786XK | E23: AMBULANCIA | F23: Ford Ranger 4x4 2.2L | G23: 2019 | H23: HABILITACION NEUQUEN | I23: YPF | J23: RIO NEUQUEN | K23: Fija | L23: Neuquén | M23: Asignado | N23: Cliente Externo | O23: =IF(ISNUMBER(SEARCH("UTIM",A23)),"UTIM","Logística") -> UTIM | P23: =2026-G23 -> 7 | Q23: =IF(I23="UCI","",IF(I23="VISTA OIL",5,IF(B23="Petróleo",8,IF(B23="Minería",3,10)))) -> 8 | R23: =IF(Q23="","",G23+Q23+1) -> 2028 | S23: =IF(Q23="","",IF(AND(B23="Minería",P23<=8),G23+8+1,R23)) -> 2028
A24: UTIM NQN | B24: Petróleo | C24: 275 | D24: AD786XA | E24: AMBULANCIA | F24: Ford Ranger 4x4 2.2L | G24: 2019 | H24: HABILITACION NEUQUEN | I24: YPF | J24: EL OCTOGONO | K24: Fija | L24: Neuquén | M24: Asignado | N24: Cliente Externo | O24: =IF(ISNUMBER(SEARCH("UTIM",A24)),"UTIM","Logística") -> UTIM | P24: =2026-G24 -> 7 | Q24: =IF(I24="UCI","",IF(I24="VISTA OIL",5,IF(B24="Petróleo",8,IF(B24="Minería",3,10)))) -> 8 | R24: =IF(Q24="","",G24+Q24+1) -> 2028 | S24: =IF(Q24="","",IF(AND(B24="Minería",P24<=8),G24+8+1,R24)) -> 2028
A25: UTIM NQN | B25: Petróleo | C25: 267 | D25: AD776VP | E25: AMBULANCIA | F25: Ford Ranger 4x4 2.2L | G25: 2019 | H25: HABILITACION NEUQUEN | I25: YPF | J25: PUESTO HERNANDEZ | K25: Fija | L25: Neuquén | M25: Asignado | N25: Cliente Externo | O25: =IF(ISNUMBER(SEARCH("UTIM",A25)),"UTIM","Logística") -> UTIM | P25: =2026-G25 -> 7 | Q25: =IF(I25="UCI","",IF(I25="VISTA OIL",5,IF(B25="Petróleo",8,IF(B25="Minería",3,10)))) -> 8 | R25: =IF(Q25="","",G25+Q25+1) -> 2028 | S25: =IF(Q25="","",IF(AND(B25="Minería",P25<=8),G25+8+1,R25)) -> 2028
A26: UTIM NQN | B26: OOD | C26: 272 | D26: AD776VU | E26: AMBULANCIA | F26: Ford Ranger 4x4 2.2L | G26: 2019 | H26: HABILITACION NEUQUEN | I26: TECHINT | J26: Duplicar Norte | K26: Fija | L26: Neuquén | M26: Asignado | N26: Cliente Externo | O26: =IF(ISNUMBER(SEARCH("UTIM",A26)),"UTIM","Logística") -> UTIM | P26: =2026-G26 -> 7 | Q26: =IF(I26="UCI","",IF(I26="VISTA OIL",5,IF(B26="Petróleo",8,IF(B26="Minería",3,10)))) -> 10 | R26: =IF(Q26="","",G26+Q26+1) -> 2030 | S26: =IF(Q26="","",IF(AND(B26="Minería",P26<=8),G26+8+1,R26)) -> 2030
A27: UTIM NQN | B27: Petróleo | C27: 273 | D27: AD776VY | E27: AMBULANCIA | F27: Ford Ranger 4x4 2.2L | G27: 2019 | H27: HABILITACION NEUQUEN | I27: YPF | J27: TRATAYEN - LC 339-2 MASE 16 | K27: Eventual | L27: Neuquén | M27: Asignado | N27: Cliente Externo | O27: =IF(ISNUMBER(SEARCH("UTIM",A27)),"UTIM","Logística") -> UTIM | P27: =2026-G27 -> 7 | Q27: =IF(I27="UCI","",IF(I27="VISTA OIL",5,IF(B27="Petróleo",8,IF(B27="Minería",3,10)))) -> 8 | R27: =IF(Q27="","",G27+Q27+1) -> 2028 | S27: =IF(Q27="","",IF(AND(B27="Minería",P27<=8),G27+8+1,R27)) -> 2028
A28: UTIM NQN | B28: Petróleo | C28: 283 | D28: AD786XL | E28: AMBULANCIA | F28: Ford Ranger 4x4 2.2L | G28: 2019 | H28: HABILITACION RN | I28: YPF | J28: SEÑAL PICADA | K28: Fija | L28: Río Negro | M28: Asignado | N28: Cliente Externo | O28: =IF(ISNUMBER(SEARCH("UTIM",A28)),"UTIM","Logística") -> UTIM | P28: =2026-G28 -> 7 | Q28: =IF(I28="UCI","",IF(I28="VISTA OIL",5,IF(B28="Petróleo",8,IF(B28="Minería",3,10)))) -> 8 | R28: =IF(Q28="","",G28+Q28+1) -> 2028 | S28: =IF(Q28="","",IF(AND(B28="Minería",P28<=8),G28+8+1,R28)) -> 2028
A29: UTIM NQN | B29: Petróleo | C29: 277 | D29: AD786XC | E29: AMBULANCIA | F29: Ford Ranger 4x4 2.2L | G29: 2019 | H29: HABILITACION NEUQUEN | I29: YPF | J29: LAJE - DLS 166 PAD 31 | K29: Eventual | L29: Neuquén | M29: Asignado | N29: Cliente Externo | O29: =IF(ISNUMBER(SEARCH("UTIM",A29)),"UTIM","Logística") -> UTIM | P29: =2026-G29 -> 7 | Q29: =IF(I29="UCI","",IF(I29="VISTA OIL",5,IF(B29="Petróleo",8,IF(B29="Minería",3,10)))) -> 8 | R29: =IF(Q29="","",G29+Q29+1) -> 2028 | S29: =IF(Q29="","",IF(AND(B29="Minería",P29<=8),G29+8+1,R29)) -> 2028
A30: UTIM NQN | B30: Petróleo | C30: 286 | D30: AD786XX | E30: AMBULANCIA | F30: Ford Ranger 4x4 2.2L | G30: 2019 | H30: HAB NQN Y RN | I30: BACK UP | J30: INSPECCION FISCALIZACION SANIT NQN | L30: Neuquén | M30: Back Up | N30: Back Up | O30: =IF(ISNUMBER(SEARCH("UTIM",A30)),"UTIM","Logística") -> UTIM | P30: =2026-G30 -> 7 | Q30: =IF(I30="UCI","",IF(I30="VISTA OIL",5,IF(B30="Petróleo",8,IF(B30="Minería",3,10)))) -> 8 | R30: =IF(Q30="","",G30+Q30+1) -> 2028 | S30: =IF(Q30="","",IF(AND(B30="Minería",P30<=8),G30+8+1,R30)) -> 2028
A31: UTIM NQN | B31: Petróleo | C31: 287 | D31: AD786XY | E31: AMBULANCIA | F31: Ford Ranger 4x4 2.2L | G31: 2019 | H31: HABILITACION NEUQUEN | I31: YPF | J31: LA ANGOSTURA SUR | K31: Eventual | L31: Neuquén | M31: Asignado | N31: Cliente Externo | O31: =IF(ISNUMBER(SEARCH("UTIM",A31)),"UTIM","Logística") -> UTIM | P31: =2026-G31 -> 7 | Q31: =IF(I31="UCI","",IF(I31="VISTA OIL",5,IF(B31="Petróleo",8,IF(B31="Minería",3,10)))) -> 8 | R31: =IF(Q31="","",G31+Q31+1) -> 2028 | S31: =IF(Q31="","",IF(AND(B31="Minería",P31<=8),G31+8+1,R31)) -> 2028
A32: UTIM NQN | B32: Petróleo | C32: 399 | D32: AF975MS | E32: AMBULANCIA | F32: TOYOTA HILUX 4X4 CC DX 2.4 TDI 6 MT | G32: 2023 | H32: HABILITACION NEUQUEN | I32: YPF | J32: EL OREJANO | K32: Fija | L32: Neuquén | M32: Asignado | N32: Cliente Externo | O32: =IF(ISNUMBER(SEARCH("UTIM",A32)),"UTIM","Logística") -> UTIM | P32: =2026-G32 -> 3 | Q32: =IF(I32="UCI","",IF(I32="VISTA OIL",5,IF(B32="Petróleo",8,IF(B32="Minería",3,10)))) -> 8 | R32: =IF(Q32="","",G32+Q32+1) -> 2032 | S32: =IF(Q32="","",IF(AND(B32="Minería",P32<=8),G32+8+1,R32)) -> 2032
A33: UTIM NQN | B33: Petróleo | C33: 413 | D33: AG054TD | E33: AMBULANCIA | F33: TOYOTA HILUX 4X4 CS DX 2.4 TDI 6 MT | G33: 2023 | H33: HAB NQN Y RN | I33: BACK UP | L33: Neuquén | M33: Back Up | N33: Back Up | O33: =IF(ISNUMBER(SEARCH("UTIM",A33)),"UTIM","Logística") -> UTIM | P33: =2026-G33 -> 3 | Q33: =IF(I33="UCI","",IF(I33="VISTA OIL",5,IF(B33="Petróleo",8,IF(B33="Minería",3,10)))) -> 8 | R33: =IF(Q33="","",G33+Q33+1) -> 2032 | S33: =IF(Q33="","",IF(AND(B33="Minería",P33<=8),G33+8+1,R33)) -> 2032
A34: UTIM NQN | B34: Petróleo | C34: 412 | D34: AG054TC | E34: AMBULANCIA | F34: TOYOTA HILUX 4X4 CS DX 2.4 TDI 6 MT | G34: 2023 | H34: HAB NQN Y RN | I34: YPF | J34: EPF LACH CENTRO | K34: Fija | L34: Neuquén | M34: Asignado | N34: Cliente Externo | O34: =IF(ISNUMBER(SEARCH("UTIM",A34)),"UTIM","Logística") -> UTIM | P34: =2026-G34 -> 3 | Q34: =IF(I34="UCI","",IF(I34="VISTA OIL",5,IF(B34="Petróleo",8,IF(B34="Minería",3,10)))) -> 8 | R34: =IF(Q34="","",G34+Q34+1) -> 2032 | S34: =IF(Q34="","",IF(AND(B34="Minería",P34<=8),G34+8+1,R34)) -> 2032
A35: UTIM NQN | B35: Petróleo | C35: 398 | D35: AG225CI | E35: AMBULANCIA | F35: TOYOTA HILUX 4X4 CC DX 2.4 TDI 6 MT | G35: 2023 | H35: HABILITACION NEUQUEN | I35: YPF | J35: AGUADA LA ARENA | K35: Fija | L35: Neuquén | M35: Asignado | N35: Cliente Externo | O35: =IF(ISNUMBER(SEARCH("UTIM",A35)),"UTIM","Logística") -> UTIM | P35: =2026-G35 -> 3 | Q35: =IF(I35="UCI","",IF(I35="VISTA OIL",5,IF(B35="Petróleo",8,IF(B35="Minería",3,10)))) -> 8 | R35: =IF(Q35="","",G35+Q35+1) -> 2032 | S35: =IF(Q35="","",IF(AND(B35="Minería",P35<=8),G35+8+1,R35)) -> 2032
A36: UTIM NQN | B36: Petróleo | C36: 394 | D36: AF975MR | E36: AMBULANCIA | F36: TOYOTA HILUX 4X4 CC DX 2.4 TDI 6 MT | G36: 2023 | H36: HABILITACION NEUQUEN | I36: YPF | J36: LA RIBERA GCIA TPF | K36: Fija | L36: Neuquén | M36: Asignado | N36: Cliente Externo | O36: =IF(ISNUMBER(SEARCH("UTIM",A36)),"UTIM","Logística") -> UTIM | P36: =2026-G36 -> 3 | Q36: =IF(I36="UCI","",IF(I36="VISTA OIL",5,IF(B36="Petróleo",8,IF(B36="Minería",3,10)))) -> 8 | R36: =IF(Q36="","",G36+Q36+1) -> 2032 | S36: =IF(Q36="","",IF(AND(B36="Minería",P36<=8),G36+8+1,R36)) -> 2032
A37: UTIM NQN | B37: Petróleo | C37: 400 | D37: AF975MU | E37: AMBULANCIA | F37: TOYOTA HILUX 4X4 CC DX 2.4 TDI 6 MT | G37: 2023 | H37: HABILITACION NEUQUEN | I37: YPF | J37: GERENCIA NOC | K37: Fija | L37: Neuquén | M37: Asignado | N37: Cliente Externo | O37: =IF(ISNUMBER(SEARCH("UTIM",A37)),"UTIM","Logística") -> UTIM | P37: =2026-G37 -> 3 | Q37: =IF(I37="UCI","",IF(I37="VISTA OIL",5,IF(B37="Petróleo",8,IF(B37="Minería",3,10)))) -> 8 | R37: =IF(Q37="","",G37+Q37+1) -> 2032 | S37: =IF(Q37="","",IF(AND(B37="Minería",P37<=8),G37+8+1,R37)) -> 2032
A38: UTIM NQN | B38: Petróleo | C38: 395 | D38: AF975MT | E38: AMBULANCIA | F38: TOYOTA HILUX 4X4 CC DX 2.4 TDI 6 MT | G38: 2023 | H38: HABILITACION NEUQUEN | I38: YPF | J38: RINCON DEL MANGRULLO | K38: Fija | L38: Neuquén | M38: Asignado | N38: Cliente Externo | O38: =IF(ISNUMBER(SEARCH("UTIM",A38)),"UTIM","Logística") -> UTIM | P38: =2026-G38 -> 3 | Q38: =IF(I38="UCI","",IF(I38="VISTA OIL",5,IF(B38="Petróleo",8,IF(B38="Minería",3,10)))) -> 8 | R38: =IF(Q38="","",G38+Q38+1) -> 2032 | S38: =IF(Q38="","",IF(AND(B38="Minería",P38<=8),G38+8+1,R38)) -> 2032
A39: UTIM NQN | B39: Petróleo | C39: 423 | D39: AG395BW | E39: AMBULANCIA | F39: HILUX 4X4 C/S DX 2.4 TDI 6 M/T | G39: 2023 | H39: HABILITACION NEUQUEN | I39: YPF | J39: REFINERIA CIPH | K39: Fija | L39: Neuquén | M39: Asignado | N39: Cliente Externo | O39: =IF(ISNUMBER(SEARCH("UTIM",A39)),"UTIM","Logística") -> UTIM | P39: =2026-G39 -> 3 | Q39: =IF(I39="UCI","",IF(I39="VISTA OIL",5,IF(B39="Petróleo",8,IF(B39="Minería",3,10)))) -> 8 | R39: =IF(Q39="","",G39+Q39+1) -> 2032 | S39: =IF(Q39="","",IF(AND(B39="Minería",P39<=8),G39+8+1,R39)) -> 2032
A40: UTIM NQN | B40: Petróleo | C40: 370 | D40: AF683IU | E40: AMBULANCIA | F40: YX.NUEVA RANGER CS 4X4 XL 2.2L D | G40: 2023 | H40: HABILITACION NEUQUEN | I40: YPF | J40: LOMA CAMPANA ESTE / PLANTA DE ARENA | K40: Fija | L40: Neuquén | M40: Asignado | N40: Cliente Externo | O40: =IF(ISNUMBER(SEARCH("UTIM",A40)),"UTIM","Logística") -> UTIM | P40: =2026-G40 -> 3 | Q40: =IF(I40="UCI","",IF(I40="VISTA OIL",5,IF(B40="Petróleo",8,IF(B40="Minería",3,10)))) -> 8 | R40: =IF(Q40="","",G40+Q40+1) -> 2032 | S40: =IF(Q40="","",IF(AND(B40="Minería",P40<=8),G40+8+1,R40)) -> 2032
A41: UTIM NQN | B41: Petróleo | C41: 371 | D41: AF683IV | E41: AMBULANCIA | F41: YX.NUEVA RANGER CS 4X4 XL 2.2L D | G41: 2023 | H41: HABILITACION NEUQUEN | I41: CAPEX | J41: AGUA DEL CAJON | L41: Neuquén | M41: Asignado | N41: Cliente Externo | O41: =IF(ISNUMBER(SEARCH("UTIM",A41)),"UTIM","Logística") -> UTIM | P41: =2026-G41 -> 3 | Q41: =IF(I41="UCI","",IF(I41="VISTA OIL",5,IF(B41="Petróleo",8,IF(B41="Minería",3,10)))) -> 8 | R41: =IF(Q41="","",G41+Q41+1) -> 2032 | S41: =IF(Q41="","",IF(AND(B41="Minería",P41<=8),G41+8+1,R41)) -> 2032
A42: UTIM NQN | B42: BackUp | C42: 424 | D42: AG435QP | E42: AMBULANCIA | F42: HILUX 4X4 C/S DX 2.4 TDI 6 M/T | G42: 2023 | H42: HAB NQN Y RN | I42: BACK UP | J42: BACK UP NQN | L42: Neuquén | M42: Back Up | N42: Back Up | O42: =IF(ISNUMBER(SEARCH("UTIM",A42)),"UTIM","Logística") -> UTIM | P42: =2026-G42 -> 3 | Q42: =IF(I42="UCI","",IF(I42="VISTA OIL",5,IF(B42="Petróleo",8,IF(B42="Minería",3,10)))) -> 10 | R42: =IF(Q42="","",G42+Q42+1) -> 2034 | S42: =IF(Q42="","",IF(AND(B42="Minería",P42<=8),G42+8+1,R42)) -> 2034
A43: UTIM NQN | B43: Petróleo | C43: 408 | D43: AG445CD | E43: AMBULANCIA | F43: HILUX 4X4 C/S DX 2.4 TDI 6 M/T | G43: 2024 | H43: HAB NQN Y RN | I43: YPF | J43: AGUADA VILLANUEVA | K43: Eventual | L43: Neuquén | M43: Asignado | N43: Cliente Externo | O43: =IF(ISNUMBER(SEARCH("UTIM",A43)),"UTIM","Logística") -> UTIM | P43: =2026-G43 -> 2 | Q43: =IF(I43="UCI","",IF(I43="VISTA OIL",5,IF(B43="Petróleo",8,IF(B43="Minería",3,10)))) -> 8 | R43: =IF(Q43="","",G43+Q43+1) -> 2033 | S43: =IF(Q43="","",IF(AND(B43="Minería",P43<=8),G43+8+1,R43)) -> 2033
A44: UTIM SALTA | B44: BackUp | C44: 417 | D44: AG543YE | E44: AMBULANCIA | F44: HILUX 4X4 C/S DX 2.4 TDI 6 M/T | G44: 2024 | H44: HAB NQN Y RN | I44: BACK UP | J44: BACK UP Salta | L44: Salta | M44: Back Up | N44: Back Up | O44: =IF(ISNUMBER(SEARCH("UTIM",A44)),"UTIM","Logística") -> UTIM | P44: =2026-G44 -> 2 | Q44: =IF(I44="UCI","",IF(I44="VISTA OIL",5,IF(B44="Petróleo",8,IF(B44="Minería",3,10)))) -> 10 | R44: =IF(Q44="","",G44+Q44+1) -> 2035 | S44: =IF(Q44="","",IF(AND(B44="Minería",P44<=8),G44+8+1,R44)) -> 2035
A45: UTIM NQN | B45: Petróleo | C45: 416 | D45: AG543YD | E45: AMBULANCIA | F45: HILUX 4X4 C/S DX 2.4 TDI 6 M/T | G45: 2024 | H45: HAB NQN Y RN | I45: VISTA OIL | J45: BAJADA DEL PALO - BATERIA 3 | L45: Neuquén | M45: Asignado | N45: Cliente Externo | O45: =IF(ISNUMBER(SEARCH("UTIM",A45)),"UTIM","Logística") -> UTIM | P45: =2026-G45 -> 2 | Q45: =IF(I45="UCI","",IF(I45="VISTA OIL",5,IF(B45="Petróleo",8,IF(B45="Minería",3,10)))) -> 5 | R45: =IF(Q45="","",G45+Q45+1) -> 2030 | S45: =IF(Q45="","",IF(AND(B45="Minería",P45<=8),G45+8+1,R45)) -> 2030
A46: UTIM NQN | B46: Petróleo | C46: 425 | D46: AG748DH | E46: AMBULANCIA | F46: HILUX 4X4 C/S DX 2.4 TDI 6 M/T | G46: 2024 | H46: HAB NQN Y RN | I46: YPF | J46: LAJE 44 - HP 210 | K46: Eventual | L46: Neuquén | M46: Asignado | N46: Cliente Externo | O46: =IF(ISNUMBER(SEARCH("UTIM",A46)),"UTIM","Logística") -> UTIM | P46: =2026-G46 -> 2 | Q46: =IF(I46="UCI","",IF(I46="VISTA OIL",5,IF(B46="Petróleo",8,IF(B46="Minería",3,10)))) -> 8 | R46: =IF(Q46="","",G46+Q46+1) -> 2033 | S46: =IF(Q46="","",IF(AND(B46="Minería",P46<=8),G46+8+1,R46)) -> 2033
A47: UTIM NQN | B47: Petróleo | C47: 426 | D47: AG748DI | E47: AMBULANCIA | F47: HILUX 4X4 C/S DX 2.4 TDI 6 M/T | G47: 2024 | H47: HAB NQN Y RN | I47: VISTA OIL | J47: BAJADA DEL PALO - BATERIA 4 | L47: Neuquén | M47: Asignado | N47: Cliente Externo | O47: =IF(ISNUMBER(SEARCH("UTIM",A47)),"UTIM","Logística") -> UTIM | P47: =2026-G47 -> 2 | Q47: =IF(I47="UCI","",IF(I47="VISTA OIL",5,IF(B47="Petróleo",8,IF(B47="Minería",3,10)))) -> 5 | R47: =IF(Q47="","",G47+Q47+1) -> 2030 | S47: =IF(Q47="","",IF(AND(B47="Minería",P47<=8),G47+8+1,R47)) -> 2030
A48: UTIM NQN | B48: Petróleo | C48: 429 | D48: AG748DL | E48: AMBULANCIA | F48: HILUX 4X4 C/S DX 2.4 TDI 6 M/T | G48: 2024 | H48: HAB NQN Y RN | I48: YPF | J48: LOMA LA LATA GERENCIA | K48: Fija | L48: Neuquén | M48: Asignado | N48: Cliente Externo | O48: =IF(ISNUMBER(SEARCH("UTIM",A48)),"UTIM","Logística") -> UTIM | P48: =2026-G48 -> 2 | Q48: =IF(I48="UCI","",IF(I48="VISTA OIL",5,IF(B48="Petróleo",8,IF(B48="Minería",3,10)))) -> 8 | R48: =IF(Q48="","",G48+Q48+1) -> 2033 | S48: =IF(Q48="","",IF(AND(B48="Minería",P48<=8),G48+8+1,R48)) -> 2033 | T48: YPF? | U48: si
A49: UTIM NQN | B49: Petróleo | C49: 430 | D49: AG894TN | E49: AMBULANCIA | F49: HILUX 4X4 C/S DX 2.4 TDI 6 M/T | G49: 2024 | H49: HAB NQN Y RN | I49: VISTA OIL | J49: BORDE MONTUOSO | L49: Neuquén | M49: Asignado | N49: Cliente Externo | O49: =IF(ISNUMBER(SEARCH("UTIM",A49)),"UTIM","Logística") -> UTIM | P49: =2026-G49 -> 2 | Q49: =IF(I49="UCI","",IF(I49="VISTA OIL",5,IF(B49="Petróleo",8,IF(B49="Minería",3,10)))) -> 5 | R49: =IF(Q49="","",G49+Q49+1) -> 2030 | S49: =IF(Q49="","",IF(AND(B49="Minería",P49<=8),G49+8+1,R49)) -> 2030
A50: UTIM NQN | B50: Petróleo | C50: UDEM | D50: AG424JC | E50: AMBULANCIA | F50: HILUX 4X4 C/S DX 2.4 TDI 6 M/T | G50: 2023 | H50: HABILITACION RN | I50: YPF | J50: LA CANTERA | K50: Eventual | L50: Río Negro | M50: Asignado | N50: Cliente Externo | O50: =IF(ISNUMBER(SEARCH("UTIM",A50)),"UTIM","Logística") -> UTIM | P50: =2026-G50 -> 3 | Q50: =IF(I50="UCI","",IF(I50="VISTA OIL",5,IF(B50="Petróleo",8,IF(B50="Minería",3,10)))) -> 8 | R50: =IF(Q50="","",G50+Q50+1) -> 2032 | S50: =IF(Q50="","",IF(AND(B50="Minería",P50<=8),G50+8+1,R50)) -> 2032
A51: UTIM NQN | B51: Petróleo | C51: UDEM | D51: AG387QM | E51: AMBULANCIA | F51: HILUX 4X4 C/S DX 2.4 TDI 6 M/T | G51: 2023 | H51: HABILITACION RN | I51: YPF | J51: VMOC | K51: Eventual | L51: Río Negro | M51: Asignado | N51: Cliente Externo | O51: =IF(ISNUMBER(SEARCH("UTIM",A51)),"UTIM","Logística") -> UTIM | P51: =2026-G51 -> 3 | Q51: =IF(I51="UCI","",IF(I51="VISTA OIL",5,IF(B51="Petróleo",8,IF(B51="Minería",3,10)))) -> 8 | R51: =IF(Q51="","",G51+Q51+1) -> 2032 | S51: =IF(Q51="","",IF(AND(B51="Minería",P51<=8),G51+8+1,R51)) -> 2032
A52: Alquilados | B52: OOD | C52: ALQ | D52: AH577CH | E52: AMBULANCIA | F52: HILUX 4X4 C/S DX 2.4 TDI 6 M/T | G52: 2025 | H52: HABILITACION BUENOS AIRES | I52: VESTAS | J52: MATACO | L52: Buenos Aires | M52: Asignado | N52: Cliente Externo | O52: =IF(ISNUMBER(SEARCH("UTIM",A52)),"UTIM","Logística") -> Logística | P52: =2026-G52 -> 1 | Q52: =IF(I52="UCI","",IF(I52="VISTA OIL",5,IF(B52="Petróleo",8,IF(B52="Minería",3,10)))) -> 10 | R52: =IF(Q52="","",G52+Q52+1) -> 2036 | S52: =IF(Q52="","",IF(AND(B52="Minería",P52<=8),G52+8+1,R52)) -> 2036
A53: LOGISTICA NQN | B53: Logistica | C53: 179 | D53: AB057ZF | E53: LOGISTICA | F53: Fiat Strada | G53: 2017 | H53: Sin habilitación | J53: LOGISTICA/CAMBIO DE GUARDIA | L53: Sin habilitación | M53: Asignado | N53: Interno | O53: =IF(ISNUMBER(SEARCH("UTIM",A53)),"UTIM","Logística") -> Logística | P53: =2026-G53 -> 9 | Q53: =IF(I53="UCI","",IF(I53="VISTA OIL",5,IF(B53="Petróleo",8,IF(B53="Minería",3,10)))) -> 10 | R53: =IF(Q53="","",G53+Q53+1) -> 2028 | S53: =IF(Q53="","",IF(AND(B53="Minería",P53<=8),G53+8+1,R53)) -> 2028
A54: LOGISTICA NQN | B54: Logistica | C54: 216 | D54: AC329GK | E54: LOGISTICA | F54: Toyota Hilux 4x4 2.4 TDI | G54: 2017 | H54: Sin habilitación | J54: LOGISTICA/CAMBIO DE GUARDIA | L54: Sin habilitación | M54: Asignado | N54: Interno | O54: =IF(ISNUMBER(SEARCH("UTIM",A54)),"UTIM","Logística") -> Logística | P54: =2026-G54 -> 9 | Q54: =IF(I54="UCI","",IF(I54="VISTA OIL",5,IF(B54="Petróleo",8,IF(B54="Minería",3,10)))) -> 10 | R54: =IF(Q54="","",G54+Q54+1) -> 2028 | S54: =IF(Q54="","",IF(AND(B54="Minería",P54<=8),G54+8+1,R54)) -> 2028
A55: LOGISTICA NQN | B55: Logistica | C55: 224 | D55: AC653IS | E55: LOGISTICA | F55: Ford Ranger | G55: 2018 | H55: Sin habilitación | J55: LOGISTICA / SUPERVISORES | L55: Sin habilitación | M55: Asignado | N55: Interno | O55: =IF(ISNUMBER(SEARCH("UTIM",A55)),"UTIM","Logística") -> Logística | P55: =2026-G55 -> 8 | Q55: =IF(I55="UCI","",IF(I55="VISTA OIL",5,IF(B55="Petróleo",8,IF(B55="Minería",3,10)))) -> 10 | R55: =IF(Q55="","",G55+Q55+1) -> 2029 | S55: =IF(Q55="","",IF(AND(B55="Minería",P55<=8),G55+8+1,R55)) -> 2029
A56: LOGISTICA NQN | B56: Logistica | C56: 262 | D56: AD729AW | E56: LOGISTICA | F56: Ford Ranger | G56: 2019 | H56: Sin habilitación | J56: LOGISTICA / SUPERVISORES | L56: Sin habilitación | M56: Asignado | N56: Interno | O56: =IF(ISNUMBER(SEARCH("UTIM",A56)),"UTIM","Logística") -> Logística | P56: =2026-G56 -> 7 | Q56: =IF(I56="UCI","",IF(I56="VISTA OIL",5,IF(B56="Petróleo",8,IF(B56="Minería",3,10)))) -> 10 | R56: =IF(Q56="","",G56+Q56+1) -> 2030 | S56: =IF(Q56="","",IF(AND(B56="Minería",P56<=8),G56+8+1,R56)) -> 2030
A57: LOGISTICA NQN | B57: Logistica | C57: 263 | D57: AD729AX | E57: LOGISTICA | F57: Ford Ranger | G57: 2019 | H57: Sin habilitación | J57: LOGISTICA/CAMBIO DE GUARDIA | L57: Sin habilitación | M57: Asignado | N57: Interno | O57: =IF(ISNUMBER(SEARCH("UTIM",A57)),"UTIM","Logística") -> Logística | P57: =2026-G57 -> 7 | Q57: =IF(I57="UCI","",IF(I57="VISTA OIL",5,IF(B57="Petróleo",8,IF(B57="Minería",3,10)))) -> 10 | R57: =IF(Q57="","",G57+Q57+1) -> 2030 | S57: =IF(Q57="","",IF(AND(B57="Minería",P57<=8),G57+8+1,R57)) -> 2030
A58: LOGISTICA NQN | B58: Logistica | C58: 431 | D58: AE588NM | E58: LOGISTICA | F58: RANGER DC 4x4 LTD AT 3.2L D | G58: 2021 | H58: Sin habilitación | J58: GERENTE | L58: Sin habilitación | M58: Asignado | N58: Interno | O58: =IF(ISNUMBER(SEARCH("UTIM",A58)),"UTIM","Logística") -> Logística | P58: =2026-G58 -> 5 | Q58: =IF(I58="UCI","",IF(I58="VISTA OIL",5,IF(B58="Petróleo",8,IF(B58="Minería",3,10)))) -> 10 | R58: =IF(Q58="","",G58+Q58+1) -> 2032 | S58: =IF(Q58="","",IF(AND(B58="Minería",P58<=8),G58+8+1,R58)) -> 2032
A59: LOGISTICA NQN | B59: Logistica | C59: 368 | D59: AF683IS | E59: LOGISTICA | F59: RANGER DC 4X4 XL 2.2L D | G59: 2022 | H59: Sin habilitación | J59: MANTENIMIENTO | L59: Sin habilitación | M59: Asignado | N59: Interno | O59: =IF(ISNUMBER(SEARCH("UTIM",A59)),"UTIM","Logística") -> Logística | P59: =2026-G59 -> 4 | Q59: =IF(I59="UCI","",IF(I59="VISTA OIL",5,IF(B59="Petróleo",8,IF(B59="Minería",3,10)))) -> 10 | R59: =IF(Q59="","",G59+Q59+1) -> 2033 | S59: =IF(Q59="","",IF(AND(B59="Minería",P59<=8),G59+8+1,R59)) -> 2033
A60: LOGISTICA NQN | B60: Logistica | C60: 345 | D60: AF274BL | E60: LOGISTICA | F60: Toyota 4x4 DC SR 2.8MT MY21 | G60: 2022 | H60: Sin habilitación | J60: LOGISTICA / SUPERVISORES / BACK UP | L60: Sin habilitación | M60: Asignado | N60: Interno | O60: =IF(ISNUMBER(SEARCH("UTIM",A60)),"UTIM","Logística") -> Logística | P60: =2026-G60 -> 4 | Q60: =IF(I60="UCI","",IF(I60="VISTA OIL",5,IF(B60="Petróleo",8,IF(B60="Minería",3,10)))) -> 10 | R60: =IF(Q60="","",G60+Q60+1) -> 2033 | S60: =IF(Q60="","",IF(AND(B60="Minería",P60<=8),G60+8+1,R60)) -> 2033
A61: LOGISTICA NQN | B61: Logistica | C61: 354 | D61: AF403BD | E61: LOGISTICA | F61: Toyota 4x4 DC SR 2.8MT MY22 | G61: 2022 | H61: Sin habilitación | J61: LOGISTICA/CAMBIO DE GUARDIA | L61: Sin habilitación | M61: Asignado | N61: Interno | O61: =IF(ISNUMBER(SEARCH("UTIM",A61)),"UTIM","Logística") -> Logística | P61: =2026-G61 -> 4 | Q61: =IF(I61="UCI","",IF(I61="VISTA OIL",5,IF(B61="Petróleo",8,IF(B61="Minería",3,10)))) -> 10 | R61: =IF(Q61="","",G61+Q61+1) -> 2033 | S61: =IF(Q61="","",IF(AND(B61="Minería",P61<=8),G61+8+1,R61)) -> 2033
A62: LOGISTICA NQN | B62: Logistica | C62: 362 | D62: AF552AW | E62: LOGISTICA | F62: Toyota 4x4 DC SR 2.8MT MY22 | G62: 2022 | H62: Sin habilitación | J62: JEFE OPERATIVO | L62: Sin habilitación | M62: Asignado | N62: Interno | O62: =IF(ISNUMBER(SEARCH("UTIM",A62)),"UTIM","Logística") -> Logística | P62: =2026-G62 -> 4 | Q62: =IF(I62="UCI","",IF(I62="VISTA OIL",5,IF(B62="Petróleo",8,IF(B62="Minería",3,10)))) -> 10 | R62: =IF(Q62="","",G62+Q62+1) -> 2033 | S62: =IF(Q62="","",IF(AND(B62="Minería",P62<=8),G62+8+1,R62)) -> 2033
A63: LOGISTICA NQN | B63: Logistica | C63: 367 | D63: AF683IR | E63: LOGISTICA | F63: ZL.RANGER DC 4X4 XL 2.2L D | G63: 2022 | H63: Sin habilitación | J63: MANTENIMIENTO | L63: Sin habilitación | M63: Asignado | N63: Interno | O63: =IF(ISNUMBER(SEARCH("UTIM",A63)),"UTIM","Logística") -> Logística | P63: =2026-G63 -> 4 | Q63: =IF(I63="UCI","",IF(I63="VISTA OIL",5,IF(B63="Petróleo",8,IF(B63="Minería",3,10)))) -> 10 | R63: =IF(Q63="","",G63+Q63+1) -> 2033 | S63: =IF(Q63="","",IF(AND(B63="Minería",P63<=8),G63+8+1,R63)) -> 2033
A64: LOGISTICA NQN | B64: Logistica | C64: 401 | D64: AG369SG | E64: FURGON | F64: FURGON FORD TRANSIT | G64: 2023 | H64: Sin habilitación | J64: LOGISTICA / FURGON | L64: Sin habilitación | M64: Asignado | N64: Interno | O64: =IF(ISNUMBER(SEARCH("UTIM",A64)),"UTIM","Logística") -> Logística | P64: =2026-G64 -> 3 | Q64: =IF(I64="UCI","",IF(I64="VISTA OIL",5,IF(B64="Petróleo",8,IF(B64="Minería",3,10)))) -> 10 | R64: =IF(Q64="","",G64+Q64+1) -> 2034 | S64: =IF(Q64="","",IF(AND(B64="Minería",P64<=8),G64+8+1,R64)) -> 2034
... A72: LOGISTICA NQN | B72: Logistica | C72: 439 | D72: AH459BL | E72: LOGISTICA | F72: Toyota 4x4 DC SR 2.8MT MY23 | G72: 2025 | H72: Sin habilitación | J72: LOGISTICA / PAÑOL | L72: Sin habilitación | M72: Asignado | N72: Interno | O72: =IF(ISNUMBER(SEARCH("UTIM",A72)),"UTIM","Logística") -> Logística | P72: =2026-G72 -> 1 | Q72: =IF(I72="UCI","",IF(I72="VISTA OIL",5,IF(B72="Petróleo",8,IF(B72="Minería",3,10)))) -> 10 | R72: =IF(Q72="","",G72+Q72+1) -> 2036 | S72: =IF(Q72="","",IF(AND(B72="Minería",P72<=8),G72+8+1,R72)) -> 2036
A73: UTIM SJ | B73: BackUp | C73: 181 | D73: AB097AV | E73: AMBULANCIA | F73: Toyota Hilux 4x4 2.5 TDI | G73: 2017 | H73: HABILITACION SAN JUAN | I73: BACK UP | J73: BAJA DE TMT P/REPARACION | L73: San Juan | M73: En Reparación | N73: En Reparación | O73: =IF(ISNUMBER(SEARCH("UTIM",A73)),"UTIM","Logística") -> UTIM | P73: =2026-G73 -> 9 | Q73: =IF(I73="UCI","",IF(I73="VISTA OIL",5,IF(B73="Petróleo",8,IF(B73="Minería",3,10)))) -> 10 | R73: =IF(Q73="","",G73+Q73+1) -> 2028 | S73: =IF(Q73="","",IF(AND(B73="Minería",P73<=8),G73+8+1,R73)) -> 2028 | T73: Ver. Esta no estaba identificada en las 8 iniciales.
A74: UTIM SJ | B74: Minería | C74: 288 | D74: AD786XZ | E74: AMBULANCIA | F74: Ford Ranger 4x4 2.2L | G74: 2019 | H74: HABILITACION SAN JUAN | I74: Vicuña | J74: EL CHINGUILLO | L74: San Juan | M74: Back Up | N74: Back Up | O74: =IF(ISNUMBER(SEARCH("UTIM",A74)),"UTIM","Logística") -> UTIM | P74: =2026-G74 -> 7 | Q74: =IF(I74="UCI","",IF(I74="VISTA OIL",5,IF(B74="Petróleo",8,IF(B74="Minería",3,10)))) -> 3 | R74: =IF(Q74="","",G74+Q74+1) -> 2023 | S74: =IF(Q74="","",IF(AND(B74="Minería",P74<=8),G74+8+1,R74)) -> 2028 | T74: No es vicuña? | U74: arreglado
A75: UTIM SJ | B75: Minería | C75: 356 | D75: AF499WT | E75: AMBULANCIA | F75: TOYOTA HILUX 4X4 CC DX 2.4 TDI 6 MT | G75: 2022 | H75: HABILITACION SAN JUAN | I75: BAJA DE UMB P/REPARACION | L75: San Juan | M75: En Reparación | N75: En Reparación | O75: =IF(ISNUMBER(SEARCH("UTIM",A75)),"UTIM","Logística") -> UTIM | P75: =2026-G75 -> 4 | Q75: =IF(I75="UCI","",IF(I75="VISTA OIL",5,IF(B75="Petróleo",8,IF(B75="Minería",3,10)))) -> 3 | R75: =IF(Q75="","",G75+Q75+1) -> 2026 | S75: =IF(Q75="","",IF(AND(B75="Minería",P75<=8),G75+8+1,R75)) -> 2031
A76: UTIM SJ | B76: Minería | C76: 357 | D76: AF552AL | E76: AMBULANCIA | F76: TOYOTA HILUX 4X4 CC DX 2.4 TDI 6 MT | G76: 2022 | H76: HABILITACION SAN JUAN | I76: Vicuña | L76: San Juan | M76: Asignado | N76: Cliente Externo | O76: =IF(ISNUMBER(SEARCH("UTIM",A76)),"UTIM","Logística") -> UTIM | P76: =2026-G76 -> 4 | Q76: =IF(I76="UCI","",IF(I76="VISTA OIL",5,IF(B76="Petróleo",8,IF(B76="Minería",3,10)))) -> 3 | R76: =IF(Q76="","",G76+Q76+1) -> 2026 | S76: =IF(Q76="","",IF(AND(B76="Minería",P76<=8),G76+8+1,R76)) -> 2031 | T76: no está en cliente
A77: UTIM SJ | B77: Minería | C77: 358 | D77: AF552AM | E77: AMBULANCIA | F77: TOYOTA HILUX 4X4 CC DX 2.4 TDI 6 MT | G77: 2022 | H77: HABILITACION SAN JUAN | I77: BACK UP | K77: Disponible | L77: San Juan | M77: Back Up | N77: Back Up | O77: =IF(ISNUMBER(SEARCH("UTIM",A77)),"UTIM","Logística") -> UTIM | P77: =2026-G77 -> 4 | Q77: =IF(I77="UCI","",IF(I77="VISTA OIL",5,IF(B77="Petróleo",8,IF(B77="Minería",3,10)))) -> 3 | R77: =IF(Q77="","",G77+Q77+1) -> 2026 | S77: =IF(Q77="","",IF(AND(B77="Minería",P77<=8),G77+8+1,R77)) -> 2031 | T77: Bajó
A78: UTIM SJ | B78: Minería | C78: 359 | D78: AF552AK | E78: AMBULANCIA | F78: TOYOTA HILUX 4X4 CC DX 2.4 TDI 6 MT | G78: 2022 | H78: HABILITACION SAN JUAN | I78: Vicuña | J78: BATIDERO / LA MAJADITA | L78: San Juan | M78: Asignado | N78: Cliente Externo | O78: =IF(ISNUMBER(SEARCH("UTIM",A78)),"UTIM","Logística") -> UTIM | P78: =2026-G78 -> 4 | Q78: =IF(I78="UCI","",IF(I78="VISTA OIL",5,IF(B78="Petróleo",8,IF(B78="Minería",3,10)))) -> 3 | R78: =IF(Q78="","",G78+Q78+1) -> 2026 | S78: =IF(Q78="","",IF(AND(B78="Minería",P78<=8),G78+8+1,R78)) -> 2031
A79: UTIM SJ | B79: Minería | C79: 360 | D79: AF552AU | E79: AMBULANCIA | F79: TOYOTA HILUX 4X4 CC DX 2.4 TDI 6 MT | G79: 2022 | H79: HABILITACION SAN JUAN | I79: Vicuña | J79: BATIDERO / LA MAJADITA | L79: San Juan | M79: Asignado | N79: Cliente Externo | O79: =IF(ISNUMBER(SEARCH("UTIM",A79)),"UTIM","Logística") -> UTIM | P79: =2026-G79 -> 4 | Q79: =IF(I79="UCI","",IF(I79="VISTA OIL",5,IF(B79="Petróleo",8,IF(B79="Minería",3,10)))) -> 3 | R79: =IF(Q79="","",G79+Q79+1) -> 2026 | S79: =IF(Q79="","",IF(AND(B79="Minería",P79<=8),G79+8+1,R79)) -> 2031
A80: UTIM SJ | B80: BackUp | C80: 369 | D80: AF683IT | E80: AMBULANCIA | F80: YX.NUEVA RANGER CS 4X4 XL 2.2L D | G80: 2022 | H80: HABILITACION SAN JUAN | I80: BACK UP | J80: BASE SAN JUAN | L80: San Juan | M80: Back Up | N80: Back Up | O80: =IF(ISNUMBER(SEARCH("UTIM",A80)),"UTIM","Logística") -> UTIM | P80: =2026-G80 -> 4 | Q80: =IF(I80="UCI","",IF(I80="VISTA OIL",5,IF(B80="Petróleo",8,IF(B80="Minería",3,10)))) -> 10 | R80: =IF(Q80="","",G80+Q80+1) -> 2033 | S80: =IF(Q80="","",IF(AND(B80="Minería",P80<=8),G80+8+1,R80)) -> 2033
A81: UTIM SJ | B81: Minería | C81: 372 | D81: AF683IW | E81: AMBULANCIA | F81: YX.NUEVA RANGER CS 4X4 XL 2.2L D | G81: 2022 | H81: HABILITACION SAN JUAN | I81: BACK UP | J81: BAJA DE NGX P/REPARACION | L81: San Juan | M81: En Reparación | N81: En Reparación | O81: =IF(ISNUMBER(SEARCH("UTIM",A81)),"UTIM","Logística") -> UTIM | P81: =2026-G81 -> 4 | Q81: =IF(I81="UCI","",IF(I81="VISTA OIL",5,IF(B81="Petróleo",8,IF(B81="Minería",3,10)))) -> 3 | R81: =IF(Q81="","",G81+Q81+1) -> 2026 | S81: =IF(Q81="","",IF(AND(B81="Minería",P81<=8),G81+8+1,R81)) -> 2031
A82: UTIM SJ | B82: Minería | C82: 402 | D82: AG054SG | E82: AMBULANCIA | F82: TOYOTA HILUX 4X4 CC DX 2.4 TDI 6 MT | G82: 2023 | H82: HABILITACION SAN JUAN | I82: Vicuña | J82: BATIDERO / UMB | L82: San Juan | M82: Asignado | N82: Cliente Externo | O82: =IF(ISNUMBER(SEARCH("UTIM",A82)),"UTIM","Logística") -> UTIM | P82: =2026-G82 -> 3 | Q82: =IF(I82="UCI","",IF(I82="VISTA OIL",5,IF(B82="Petróleo",8,IF(B82="Minería",3,10)))) -> 3 | R82: =IF(Q82="","",G82+Q82+1) -> 2027 | S82: =IF(Q82="","",IF(AND(B82="Minería",P82<=8),G82+8+1,R82)) -> 2032
A83: UTIM SJ | B83: Minería | C83: 418 | D83: AG366IX | E83: AMBULANCIA | F83: HILUX 4X4 C/S DX 2.4 TDI 6 M/T | G83: 2023 | H83: HABILITACION SAN JUAN | I83: Vicuña | J83: BATIDERO / UMB | L83: San Juan | M83: Asignado | N83: Cliente Externo | O83: =IF(ISNUMBER(SEARCH("UTIM",A83)),"UTIM","Logística") -> UTIM | P83: =2026-G83 -> 3 | Q83: =IF(I83="UCI","",IF(I83="VISTA OIL",5,IF(B83="Petróleo",8,IF(B83="Minería",3,10)))) -> 3 | R83: =IF(Q83="","",G83+Q83+1) -> 2027 | S83: =IF(Q83="","",IF(AND(B83="Minería",P83<=8),G83+8+1,R83)) -> 2032
A84: UTIM SJ | B84: Minería | C84: 403 | D84: AG406XJ | E84: AMBULANCIA | F84: HILUX 4X4 C/S DX 2.4 TDI 6 M/T | G84: 2024 | H84: HABILITACION SAN JUAN | I84: Vicuña | J84: EQUIPAMIENTO ORUGAS PLAN INVIERNO | L84: San Juan | M84: Asignado | N84: Cliente Externo | O84: =IF(ISNUMBER(SEARCH("UTIM",A84)),"UTIM","Logística") -> UTIM | P84: =2026-G84 -> 2 | Q84: =IF(I84="UCI","",IF(I84="VISTA OIL",5,IF(B84="Petróleo",8,IF(B84="Minería",3,10)))) -> 3 | R84: =IF(Q84="","",G84+Q84+1) -> 2028 | S84: =IF(Q84="","",IF(AND(B84="Minería",P84<=8),G84+8+1,R84)) -> 2033
A85: UTIM SJ | B85: Minería | C85: 396 | D85: AG330JE | E85: AMBULANCIA | F85: TOYOTA HILUX 4X4 CC DX 2.4 TDI 6 MT | G85: 2024 | H85: HABILITACION NACIONAL | I85: Vicuña | J85: GUANDACOL | L85: Nacional/Pendiente | M85: Asignado | N85: Cliente Externo | O85: =IF(ISNUMBER(SEARCH("UTIM",A85)),"UTIM","Logística") -> UTIM | P85: =2026-G85 -> 2 | Q85: =IF(I85="UCI","",IF(I85="VISTA OIL",5,IF(B85="Petróleo",8,IF(B85="Minería",3,10)))) -> 3 | R85: =IF(Q85="","",G85+Q85+1) -> 2028 | S85: =IF(Q85="","",IF(AND(B85="Minería",P85<=8),G85+8+1,R85)) -> 2033
A86: UTIM SJ | B86: Minería | C86: 409 | D86: AG445CE | E86: AMBULANCIA | F86: HILUX 4X4 C/S DX 2.4 TDI 6 M/T | G86: 2024 | H86: HABILITACION SAN JUAN | I86: Vicuña | J86: CORREDOR NORTE | L86: San Juan | M86: Asignado | N86: Cliente Externo | O86: =IF(ISNUMBER(SEARCH("UTIM",A86)),"UTIM","Logística") -> UTIM | P86: =2026-G86 -> 2 | Q86: =IF(I86="UCI","",IF(I86="VISTA OIL",5,IF(B86="Petróleo",8,IF(B86="Minería",3,10)))) -> 3 | R86: =IF(Q86="","",G86+Q86+1) -> 2028 | S86: =IF(Q86="","",IF(AND(B86="Minería",P86<=8),G86+8+1,R86)) -> 2033
A87: UTIM SJ | B87: Minería | C87: 410 | D87: AG445CF | E87: AMBULANCIA | F87: HILUX 4X4 C/S DX 2.4 TDI 6 M/T | G87: 2024 | H87: HABILITACION SAN JUAN | I87: Vicuña | J87: BATIDERO / UMB | L87: San Juan | M87: Asignado | N87: Cliente Externo | O87: =IF(ISNUMBER(SEARCH("UTIM",A87)),"UTIM","Logística") -> UTIM | P87: =2026-G87 -> 2 | Q87: =IF(I87="UCI","",IF(I87="VISTA OIL",5,IF(B87="Petróleo",8,IF(B87="Minería",3,10)))) -> 3 | R87: =IF(Q87="","",G87+Q87+1) -> 2028 | S87: =IF(Q87="","",IF(AND(B87="Minería",P87<=8),G87+8+1,R87)) -> 2033
A88: UTIM SJ | B88: Minería | C88: 411 | D88: AG445CG | E88: AMBULANCIA | F88: HILUX 4X4 C/S DX 2.4 TDI 6 M/T | G88: 2024 | H88: HABILITACION SAN JUAN | I88: Vicuña | J88: BATIDERO / UMB | L88: San Juan | M88: Asignado | N88: Cliente Externo | O88: =IF(ISNUMBER(SEARCH("UTIM",A88)),"UTIM","Logística") -> UTIM | P88: =2026-G88 -> 2 | Q88: =IF(I88="UCI","",IF(I88="VISTA OIL",5,IF(B88="Petróleo",8,IF(B88="Minería",3,10)))) -> 3 | R88: =IF(Q88="","",G88+Q88+1) -> 2028 | S88: =IF(Q88="","",IF(AND(B88="Minería",P88<=8),G88+8+1,R88)) -> 2033
A89: UTIM SJ | B89: Minería | C89: 428 | D89: AG748DK | E89: AMBULANCIA | F89: HILUX 4X4 C/S DX 2.4 TDI 6 M/T | G89: 2024 | H89: HABILITACION SAN JUAN | I89: Vicuña | J89: BATIDERO / UMB | L89: San Juan | M89: Asignado | N89: Cliente Externo | O89: =IF(ISNUMBER(SEARCH("UTIM",A89)),"UTIM","Logística") -> UTIM | P89: =2026-G89 -> 2 | Q89: =IF(I89="UCI","",IF(I89="VISTA OIL",5,IF(B89="Petróleo",8,IF(B89="Minería",3,10)))) -> 3 | R89: =IF(Q89="","",G89+Q89+1) -> 2028 | S89: =IF(Q89="","",IF(AND(B89="Minería",P89<=8),G89+8+1,R89)) -> 2033
... A94: UTIM SJ | B94: Minería | C94: 505 | D94: AH505LL | E94: AMBULANCIA | F94: HILUX 4X4 C/S DX 2.4 TDI 6 M/T | G94: 2025 | H94: HABILITACION SAN JUAN | I94: Vicuña | J94: BATIDERO / FASE 1 | L94: San Juan | M94: Asignado | N94: Cliente Externo | O94: =IF(ISNUMBER(SEARCH("UTIM",A94)),"UTIM","Logística") -> UTIM | P94: =2026-G94 -> 1 | Q94: =IF(I94="UCI","",IF(I94="VISTA OIL",5,IF(B94="Petróleo",8,IF(B94="Minería",3,10)))) -> 3 | R94: =IF(Q94="","",G94+Q94+1) -> 2029 | S94: =IF(Q94="","",IF(AND(B94="Minería",P94<=8),G94+8+1,R94)) -> 2034
A95: LOGISTICA SJ | B95: Logistica | C95: 219 | D95: AD354ON | E95: LOGISTICA | F95: Toyota 4x4 DC 2.5 TDI | G95: 2019 | H95: Sin habilitación | J95: GERENTE | L95: Sin habilitación | M95: Asignado | N95: Interno | O95: =IF(ISNUMBER(SEARCH("UTIM",A95)),"UTIM","Logística") -> Logística | P95: =2026-G95 -> 7 | Q95: =IF(I95="UCI","",IF(I95="VISTA OIL",5,IF(B95="Petróleo",8,IF(B95="Minería",3,10)))) -> 10 | R95: =IF(Q95="","",G95+Q95+1) -> 2030 | S95: =IF(Q95="","",IF(AND(B95="Minería",P95<=8),G95+8+1,R95)) -> 2030
A96: LOGISTICA SJ | B96: Logistica | C96: 355 | D96: AF457LL | E96: LOGISTICA | F96: Toyota 4x4 DC SR 2.8MT MY22 | G96: 2022 | H96: Sin habilitación | J96: LOGISTICA/BATIDERO | L96: Sin habilitación | M96: Asignado | N96: Cliente Externo | O96: =IF(ISNUMBER(SEARCH("UTIM",A96)),"UTIM","Logística") -> Logística | P96: =2026-G96 -> 4 | Q96: =IF(I96="UCI","",IF(I96="VISTA OIL",5,IF(B96="Petróleo",8,IF(B96="Minería",3,10)))) -> 10 | R96: =IF(Q96="","",G96+Q96+1) -> 2033 | S96: =IF(Q96="","",IF(AND(B96="Minería",P96<=8),G96+8+1,R96)) -> 2033
A97: LOGISTICA SJ | B97: BackUp | C97: 353 | D97: AF403BC | E97: LOGISTICA | F97: Toyota 4x4 DC SR 2.8MT MY22 | G97: 2022 | H97: Sin habilitación | J97: LOGISTICA/BATIDERO | L97: Sin habilitación | M97: Asignado | N97: Cliente Externo | O97: =IF(ISNUMBER(SEARCH("UTIM",A97)),"UTIM","Logística") -> Logística | P97: =2026-G97 -> 4 | Q97: =IF(I97="UCI","",IF(I97="VISTA OIL",5,IF(B97="Petróleo",8,IF(B97="Minería",3,10)))) -> 10 | R97: =IF(Q97="","",G97+Q97+1) -> 2033 | S97: =IF(Q97="","",IF(AND(B97="Minería",P97<=8),G97+8+1,R97)) -> 2033
A98: LOGISTICA SJ | B98: Logistica | C98: 346 | D98: AF274BQ | E98: LOGISTICA | F98: Toyota 4x4 DC SR 2.8MT MY21 | G98: 2022 | H98: Sin habilitación | J98: LOGISTICA/CAMBIO DE GUARDIA EX NQN | L98: Sin habilitación | M98: Asignado | N98: Cliente Externo | O98: =IF(ISNUMBER(SEARCH("UTIM",A98)),"UTIM","Logística") -> Logística | P98: =2026-G98 -> 4 | Q98: =IF(I98="UCI","",IF(I98="VISTA OIL",5,IF(B98="Petróleo",8,IF(B98="Minería",3,10)))) -> 10 | R98: =IF(Q98="","",G98+Q98+1) -> 2033 | S98: =IF(Q98="","",IF(AND(B98="Minería",P98<=8),G98+8+1,R98)) -> 2033
A99: LOGISTICA SJ | B99: Logistica | C99: 385 | D99: AF977XT | E99: LOGISTICA | F99: Toyota 4x4 DC SR 2.8MT MY23 | G99: 2023 | H99: Sin habilitación | J99: LOGISTICA/LUNA HUASI | L99: Sin habilitación | M99: Asignado | N99: Cliente Externo | O99: =IF(ISNUMBER(SEARCH("UTIM",A99)),"UTIM","Logística") -> Logística | P99: =2026-G99 -> 3 | Q99: =IF(I99="UCI","",IF(I99="VISTA OIL",5,IF(B99="Petróleo",8,IF(B99="Minería",3,10)))) -> 10 | R99: =IF(Q99="","",G99+Q99+1) -> 2034 | S99: =IF(Q99="","",IF(AND(B99="Minería",P99<=8),G99+8+1,R99)) -> 2034
A100: LOGISTICA SJ | B100: Logistica | C100: 511 | D100: AH689GG | E100: LOGISTICA | F100: Toyota 4x4 CS SR 2.8MT MY21 | G100: 2025 | H100: Sin habilitación | J100: LOGISTICA/VEHICULO GUIA | L100: Sin habilitación | M100: Asignado | N100: Cliente Externo | O100: =IF(ISNUMBER(SEARCH("UTIM",A100)),"UTIM","Logística") -> Logística | P100: =2026-G100 -> 1 | Q100: =IF(I100="UCI","",IF(I100="VISTA OIL",5,IF(B100="Petróleo",8,IF(B100="Minería",3,10)))) -> 10 | R100: =IF(Q100="","",G100+Q100+1) -> 2036 | S100: =IF(Q100="","",IF(AND(B100="Minería",P100<=8),G100+8+1,R100)) -> 2036
A101: UTIM SALTA | B101: BackUp | C101: 191 | D101: AB960ZP | E101: AMBULANCIA | F101: Toyota Hilux CC 4x4 2.5 TDI | G101: 2017 | H101: HABILITACION SALTA | I101: BACK UP | J101: TRASLADO DE PERSONAL GUEMES | L101: Salta | M101: Back Up | N101: Back Up | O101: =IF(ISNUMBER(SEARCH("UTIM",A101)),"UTIM","Logística") -> UTIM | P101: =2026-G101 -> 9 | Q101: =IF(I101="UCI","",IF(I101="VISTA OIL",5,IF(B101="Petróleo",8,IF(B101="Minería",3,10)))) -> 10 | R101: =IF(Q101="","",G101+Q101+1) -> 2028 | S101: =IF(Q101="","",IF(AND(B101="Minería",P101<=8),G101+8+1,R101)) -> 2028
A102: PAMI | B102: Minería | C102: 194 | D102: AB960ZS | E102: FURGON | F102: FURGON Fiat Ducato Maxicargo 2,3 JTD | G102: 2017 | H102: HABILITACION SALTA | I102: PAMI | J102: PAMI TUCUMAN | L102: Salta | M102: Asignado | N102: Cliente Externo | O102: =IF(ISNUMBER(SEARCH("UTIM",A102)),"UTIM","Logística") -> Logística | P102: =2026-G102 -> 9 | Q102: =IF(I102="UCI","",IF(I102="VISTA OIL",5,IF(B102="Petróleo",8,IF(B102="Minería",3,10)))) -> 3 | R102: =IF(Q102="","",G102+Q102+1) -> 2021 | S102: =IF(Q102="","",IF(AND(B102="Minería",P102<=8),G102+8+1,R102)) -> 2021
A103: UTIM SALTA | B103: Minería | C103: 285 | D103: AD786XN | E103: AMBULANCIA | F103: Ford Ranger | G103: 2019 | H103: HABILITACION SALTA | I103: Ganfeng | J103: PROYECTO GUEMES | L103: Salta | M103: Asignado | N103: Cliente Externo | O103: =IF(ISNUMBER(SEARCH("UTIM",A103)),"UTIM","Logística") -> UTIM | P103: =2026-G103 -> 7 | Q103: =IF(I103="UCI","",IF(I103="VISTA OIL",5,IF(B103="Petróleo",8,IF(B103="Minería",3,10)))) -> 3 | R103: =IF(Q103="","",G103+Q103+1) -> 2023 | S103: =IF(Q103="","",IF(AND(B103="Minería",P103<=8),G103+8+1,R103)) -> 2028
A104: UTIM SALTA | B104: Minería | C104: 281 | D104: AD786XJ | E104: AMBULANCIA | F104: Ford Ranger | G104: 2019 | H104: HAB SALTA Y JUJUY | I104: BACK UP | J104: BACK UP | L104: Salta/Jujuy | M104: Back Up | N104: Back Up | O104: =IF(ISNUMBER(SEARCH("UTIM",A104)),"UTIM","Logística") -> UTIM | P104: =2026-G104 -> 7 | Q104: =IF(I104="UCI","",IF(I104="VISTA OIL",5,IF(B104="Petróleo",8,IF(B104="Minería",3,10)))) -> 3 | R104: =IF(Q104="","",G104+Q104+1) -> 2023 | S104: =IF(Q104="","",IF(AND(B104="Minería",P104<=8),G104+8+1,R104)) -> 2028
A105: UTIM SALTA | B105: Minería | C105: 279 | D105: AD786XF | E105: AMBULANCIA | F105: Ford Ranger 4x4 2.2L | G105: 2019 | H105: HAB SALTA Y JUJUY | I105: INTEGRA | J105: PROYECTO PASO DE JAMA | L105: Salta/Jujuy | M105: Asignado | N105: Cliente Externo | O105: =IF(ISNUMBER(SEARCH("UTIM",A105)),"UTIM","Logística") -> UTIM | P105: =2026-G105 -> 7 | Q105: =IF(I105="UCI","",IF(I105="VISTA OIL",5,IF(B105="Petróleo",8,IF(B105="Minería",3,10)))) -> 3 | R105: =IF(Q105="","",G105+Q105+1) -> 2023 | S105: =IF(Q105="","",IF(AND(B105="Minería",P105<=8),G105+8+1,R105)) -> 2028
A106: UTIM SALTA | B106: Minería | C106: UDEM | D106: AG387QO | E106: AMBULANCIA | F106: Toyota Hilux CC 4x4 2.5 TDI | G106: 2023 | H106: HABILITACION SALTA | I106: Ganfeng | J106: PROYECTO MARIANA | L106: Salta | M106: Asignado | N106: Cliente Externo | O106: =IF(ISNUMBER(SEARCH("UTIM",A106)),"UTIM","Logística") -> UTIM | P106: =2026-G106 -> 3 | Q106: =IF(I106="UCI","",IF(I106="VISTA OIL",5,IF(B106="Petróleo",8,IF(B106="Minería",3,10)))) -> 3 | R106: =IF(Q106="","",G106+Q106+1) -> 2027 | S106: =IF(Q106="","",IF(AND(B106="Minería",P106<=8),G106+8+1,R106)) -> 2032
A107: UTIM SALTA | B107: Minería | C107: UDEM | D107: AG387QN | E107: AMBULANCIA | F107: Toyota Hilux CC 4x4 2.5 TDI | G107: 2023 | H107: HABILITACION SALTA | I107: Ganfeng | J107: PROYECTO MARIANA | L107: Salta | M107: Asignado | N107: Cliente Externo | O107: =IF(ISNUMBER(SEARCH("UTIM",A107)),"UTIM","Logística") -> UTIM | P107: =2026-G107 -> 3 | Q107: =IF(I107="UCI","",IF(I107="VISTA OIL",5,IF(B107="Petróleo",8,IF(B107="Minería",3,10)))) -> 3 | R107: =IF(Q107="","",G107+Q107+1) -> 2027 | S107: =IF(Q107="","",IF(AND(B107="Minería",P107<=8),G107+8+1,R107)) -> 2032
A108: UTIM SALTA | B108: Minería | C108: 397 | D108: AG330JF | E108: AMBULANCIA | F108: TOYOTA HILUX 4X4 CC DX 2.4 TDI 6 MT | G108: 2024 | H108: HABILITACION SALTA | I108: Ganfeng | J108: PROYECTO PPG | L108: Salta | M108: Asignado | N108: Cliente Externo | O108: =IF(ISNUMBER(SEARCH("UTIM",A108)),"UTIM","Logística") -> UTIM | P108: =2026-G108 -> 2 | Q108: =IF(I108="UCI","",IF(I108="VISTA OIL",5,IF(B108="Petróleo",8,IF(B108="Minería",3,10)))) -> 3 | R108: =IF(Q108="","",G108+Q108+1) -> 2028 | S108: =IF(Q108="","",IF(AND(B108="Minería",P108<=8),G108+8+1,R108)) -> 2033
A109: UTIM SALTA | B109: Minería | C109: 503 | D109: AH505LJ | E109: AMBULANCIA | F109: HILUX 4X4 C/S DX 2.4 TDI 6 M/T | G109: 2025 | H109: HABILITAR | I109: HANNAQ | J109: HANNAQ | L109: Nacional/Pendiente | M109: Asignado | N109: Cliente Externo | O109: =IF(ISNUMBER(SEARCH("UTIM",A109)),"UTIM","Logística") -> UTIM | P109: =2026-G109 -> 1 | Q109: =IF(I109="UCI","",IF(I109="VISTA OIL",5,IF(B109="Petróleo",8,IF(B109="Minería",3,10)))) -> 3 | R109: =IF(Q109="","",G109+Q109+1) -> 2029 | S109: =IF(Q109="","",IF(AND(B109="Minería",P109<=8),G109+8+1,R109)) -> 2034
A110: LOGISTICA SALTA | B110: Logistica | C110: 427 | D110: AG748DJ | E110: LOGISTICA | F110: HILUX 4X4 DC SR 2.8 TDI 6 M/T | G110: 2024 | H110: Sin habilitación | J110: LOGISTICA - BASE SALTA | L110: Sin habilitación | M110: Asignado | N110: Interno | O110: =IF(ISNUMBER(SEARCH("UTIM",A110)),"UTIM","Logística") -> Logística | P110: =2026-G110 -> 2 | Q110: =IF(I110="UCI","",IF(I110="VISTA OIL",5,IF(B110="Petróleo",8,IF(B110="Minería",3,10)))) -> 10 | R110: =IF(Q110="","",G110+Q110+1) -> 2035 | S110: =IF(Q110="","",IF(AND(B110="Minería",P110<=8),G110+8+1,R110)) -> 2035
A111: LOGISTICA SALTA | B111: Logistica | C111: 436 | D111: AH433WC | E111: LOGISTICA | F111: HILUX 4X4 DC SR 2.8 TDI 6 M/T | G111: 2025 | H111: Sin habilitación | J111: LOGISTICA - BASE SALTA | L111: Sin habilitación | M111: Asignado | N111: Interno | O111: =IF(ISNUMBER(SEARCH("UTIM",A111)),"UTIM","Logística") -> Logística | P111: =2026-G111 -> 1 | Q111: =IF(I111="UCI","",IF(I111="VISTA OIL",5,IF(B111="Petróleo",8,IF(B111="Minería",3,10)))) -> 10 | R111: =IF(Q111="","",G111+Q111+1) -> 2036 | S111: =IF(Q111="","",IF(AND(B111="Minería",P111<=8),G111+8+1,R111)) -> 2036

Sheet Análisis por sector
A1: ANÁLISIS CRUZADO — MÓVILES POR DIMENSIÓN
A3: POR AÑO DE PATENTAMIENTO
A4: Valor | B4: Total | C4: Asignado | D4: Disponible | E4: Back Up | F4: En Reparación | G4: % Disp.
A5: 2017 | B5: =COUNTIF(TablaMóviles[Año],$A5) -> 13 | C5: =COUNTIFS(TablaMóviles[Año],$A5,TablaMóviles[Estado],C$4) -> 7 | D5: =COUNTIFS(TablaMóviles[Año],$A5,TablaMóviles[Estado],D$4) -> 0 | E5: =COUNTIFS(TablaMóviles[Año],$A5,TablaMóviles[Estado],E$4) -> 3 | F5: =COUNTIFS(TablaMóviles[Año],$A5,TablaMóviles[Estado],F$4) -> 3 | G5: =IFERROR(D5/B5,0) -> 0
A6: 2018 | B6: =COUNTIF(TablaMóviles[Año],$A6) -> 3 | C6: =COUNTIFS(TablaMóviles[Año],$A6,TablaMóviles[Estado],C$4) -> 1 | D6: =COUNTIFS(TablaMóviles[Año],$A6,TablaMóviles[Estado],D$4) -> 0 | E6: =COUNTIFS(TablaMóviles[Año],$A6,TablaMóviles[Estado],E$4) -> 2 | F6: =COUNTIFS(TablaMóviles[Año],$A6,TablaMóviles[Estado],F$4) -> 0 | G6: =IFERROR(D6/B6,0) -> 0
A7: 2019 | B7: =COUNTIF(TablaMóviles[Año],$A7) -> 26 | C7: =COUNTIFS(TablaMóviles[Año],$A7,TablaMóviles[Estado],C$4) -> 21 | D7: =COUNTIFS(TablaMóviles[Año],$A7,TablaMóviles[Estado],D$4) -> 0 | E7: =COUNTIFS(TablaMóviles[Año],$A7,TablaMóviles[Estado],E$4) -> 4 | F7: =COUNTIFS(TablaMóviles[Año],$A7,TablaMóviles[Estado],F$4) -> 1 | G7: =IFERROR(D7/B7,0) -> 0
A8: 2021 | B8: =COUNTIF(TablaMóviles[Año],$A8) -> 1 | C8: =COUNTIFS(TablaMóviles[Año],$A8,TablaMóviles[Estado],C$4) -> 1 | D8: =COUNTIFS(TablaMóviles[Año],$A8,TablaMóviles[Estado],D$4) -> 0 | E8: =COUNTIFS(TablaMóviles[Año],$A8,TablaMóviles[Estado],E$4) -> 0 | F8: =COUNTIFS(TablaMóviles[Año],$A8,TablaMóviles[Estado],F$4) -> 0 | G8: =IFERROR(D8/B8,0) -> 0
A9: 2022 | B9: =COUNTIF(TablaMóviles[Año],$A9) -> 15 | C9: =COUNTIFS(TablaMóviles[Año],$A9,TablaMóviles[Estado],C$4) -> 11 | D9: =COUNTIFS(TablaMóviles[Año],$A9,TablaMóviles[Estado],D$4) -> 0 | E9: =COUNTIFS(TablaMóviles[Año],$A9,TablaMóviles[Estado],E$4) -> 2 | F9: =COUNTIFS(TablaMóviles[Año],$A9,TablaMóviles[Estado],F$4) -> 2 | G9: =IFERROR(D9/B9,0) -> 0
A10: 2023 | B10: =COUNTIF(TablaMóviles[Año],$A10) -> 19 | C10: =COUNTIFS(TablaMóviles[Año],$A10,TablaMóviles[Estado],C$4) -> 17 | D10: =COUNTIFS(TablaMóviles[Año],$A10,TablaMóviles[Estado],D$4) -> 0 | E10: =COUNTIFS(TablaMóviles[Año],$A10,TablaMóviles[Estado],E$4) -> 2 | F10: =COUNTIFS(TablaMóviles[Año],$A10,TablaMóviles[Estado],F$4) -> 0 | G10: =IFERROR(D10/B10,0) -> 0
A11: 2024 | B11: =COUNTIF(TablaMóviles[Año],$A11) -> 21 | C11: =COUNTIFS(TablaMóviles[Año],$A11,TablaMóviles[Estado],C$4) -> 20 | D11: =COUNTIFS(TablaMóviles[Año],$A11,TablaMóviles[Estado],D$4) -> 0 | E11: =COUNTIFS(TablaMóviles[Año],$A11,TablaMóviles[Estado],E$4) -> 1 | F11: =COUNTIFS(TablaMóviles[Año],$A11,TablaMóviles[Estado],F$4) -> 0 | G11: =IFERROR(D11/B11,0) -> 0
A12: 2025 | B12: =COUNTIF(TablaMóviles[Año],$A12) -> 11 | C12: =COUNTIFS(TablaMóviles[Año],$A12,TablaMóviles[Estado],C$4) -> 8 | D12: =COUNTIFS(TablaMóviles[Año],$A12,TablaMóviles[Estado],D$4) -> 0 | E12: =COUNTIFS(TablaMóviles[Año],$A12,TablaMóviles[Estado],E$4) -> 3 | F12: =COUNTIFS(TablaMóviles[Año],$A12,TablaMóviles[Estado],F$4) -> 0 | G12: =IFERROR(D12/B12,0) -> 0
A13: TOTAL | B13: =SUM(B5:B12) -> 109 | C13: =SUM(C5:C12) -> 86 | D13: =SUM(D5:D12) -> 0 | E13: =SUM(E5:E12) -> 17 | F13: =SUM(F5:F12) -> 6 | G13: =IFERROR(D13/B13,0) -> 0
A15: POR TIPO DE MÓVIL
A16: Valor | B16: Total | C16: Asignado | D16: Disponible | E16: Back Up | F16: En Reparación | G16: % Disp.
A17: AMBULANCIA | B17: =COUNTIF(TablaMóviles[Tipo],$A17) -> 79 | C17: =COUNTIFS(TablaMóviles[Tipo],$A17,TablaMóviles[Estado],C$16) -> 56 | D17: =COUNTIFS(TablaMóviles[Tipo],$A17,TablaMóviles[Estado],D$16) -> 0 | E17: =COUNTIFS(TablaMóviles[Tipo],$A17,TablaMóviles[Estado],E$16) -> 17 | F17: =COUNTIFS(TablaMóviles[Tipo],$A17,TablaMóviles[Estado],F$16) -> 6 | G17: =IFERROR(D17/B17,0) -> 0
A18: FURGON | B18: =COUNTIF(TablaMóviles[Tipo],$A18) -> 3 | C18: =COUNTIFS(TablaMóviles[Tipo],$A18,TablaMóviles[Estado],C$16) -> 3 | D18: =COUNTIFS(TablaMóviles[Tipo],$A18,TablaMóviles[Estado],D$16) -> 0 | E18: =COUNTIFS(TablaMóviles[Tipo],$A18,TablaMóviles[Estado],E$16) -> 0 | F18: =COUNTIFS(TablaMóviles[Tipo],$A18,TablaMóviles[Estado],F$16) -> 0 | G18: =IFERROR(D18/B18,0) -> 0
A19: LOGISTICA | B19: =COUNTIF(TablaMóviles[Tipo],$A19) -> 27 | C19: =COUNTIFS(TablaMóviles[Tipo],$A19,TablaMóviles[Estado],C$16) -> 27 | D19: =COUNTIFS(TablaMóviles[Tipo],$A19,TablaMóviles[Estado],D$16) -> 0 | E19: =COUNTIFS(TablaMóviles[Tipo],$A19,TablaMóviles[Estado],E$16) -> 0 | F19: =COUNTIFS(TablaMóviles[Tipo],$A19,TablaMóviles[Estado],F$16) -> 0 | G19: =IFERROR(D19/B19,0) -> 0
A20: TOTAL | B20: =SUM(B17:B19) -> 109 | C20: =SUM(C17:C19) -> 86 | D20: =SUM(D17:D19) -> 0 | E20: =SUM(E17:E19) -> 17 | F20: =SUM(F17:F19) -> 6 | G20: =IFERROR(D20/B20,0) -> 0
A22: POR PROVINCIA DE HABILITACIÓN
A23: Valor | B23: Total | C23: Asignado | D23: Disponible | E23: Back Up | F23: En Reparación | G23: % Disp.
A24: Buenos Aires | B24: =COUNTIF(TablaMóviles[Provincia],$A24) -> 1 | C24: =COUNTIFS(TablaMóviles[Provincia],$A24,TablaMóviles[Estado],C$23) -> 1 | D24: =COUNTIFS(TablaMóviles[Provincia],$A24,TablaMóviles[Estado],D$23) -> 0 | E24: =COUNTIFS(TablaMóviles[Provincia],$A24,TablaMóviles[Estado],E$23) -> 0 | F24: =COUNTIFS(TablaMóviles[Provincia],$A24,TablaMóviles[Estado],F$23) -> 0 | G24: =IFERROR(D24/B24,0) -> 0
A25: Chubut | B25: =COUNTIF(TablaMóviles[Provincia],$A25) -> 1 | C25: =COUNTIFS(TablaMóviles[Provincia],$A25,TablaMóviles[Estado],C$23) -> 0 | D25: =COUNTIFS(TablaMóviles[Provincia],$A25,TablaMóviles[Estado],D$23) -> 0 | E25: =COUNTIFS(TablaMóviles[Provincia],$A25,TablaMóviles[Estado],E$23) -> 1 | F25: =COUNTIFS(TablaMóviles[Provincia],$A25,TablaMóviles[Estado],F$23) -> 0 | G25: =IFERROR(D25/B25,0) -> 0
A26: Nacional/Pendiente | B26: =COUNTIF(TablaMóviles[Provincia],$A26) -> 8 | C26: =COUNTIFS(TablaMóviles[Provincia],$A26,TablaMóviles[Estado],C$23) -> 4 | D26: =COUNTIFS(TablaMóviles[Provincia],$A26,TablaMóviles[Estado],D$23) -> 0 | E26: =COUNTIFS(TablaMóviles[Provincia],$A26,TablaMóviles[Estado],E$23) -> 4 | F26: =COUNTIFS(TablaMóviles[Provincia],$A26,TablaMóviles[Estado],F$23) -> 0 | G26: =IFERROR(D26/B26,0) -> 0
A27: Neuquén | B27: =COUNTIF(TablaMóviles[Provincia],$A27) -> 36 | C27: =COUNTIFS(TablaMóviles[Provincia],$A27,TablaMóviles[Estado],C$23) -> 29 | D27: =COUNTIFS(TablaMóviles[Provincia],$A27,TablaMóviles[Estado],D$23) -> 0 | E27: =COUNTIFS(TablaMóviles[Provincia],$A27,TablaMóviles[Estado],E$23) -> 5 | F27: =COUNTIFS(TablaMóviles[Provincia],$A27,TablaMóviles[Estado],F$23) -> 2 | G27: =IFERROR(D27/B27,0) -> 0
A28: Río Negro | B28: =COUNTIF(TablaMóviles[Provincia],$A28) -> 8 | C28: =COUNTIFS(TablaMóviles[Provincia],$A28,TablaMóviles[Estado],C$23) -> 6 | D28: =COUNTIFS(TablaMóviles[Provincia],$A28,TablaMóviles[Estado],D$23) -> 0 | E28: =COUNTIFS(TablaMóviles[Provincia],$A28,TablaMóviles[Estado],E$23) -> 1 | F28: =COUNTIFS(TablaMóviles[Provincia],$A28,TablaMóviles[Estado],F$23) -> 1 | G28: =IFERROR(D28/B28,0) -> 0
A29: Salta | B29: =COUNTIF(TablaMóviles[Provincia],$A29) -> 7 | C29: =COUNTIFS(TablaMóviles[Provincia],$A29,TablaMóviles[Estado],C$23) -> 5 | D29: =COUNTIFS(TablaMóviles[Provincia],$A29,TablaMóviles[Estado],D$23) -> 0 | E29: =COUNTIFS(TablaMóviles[Provincia],$A29,TablaMóviles[Estado],E$23) -> 2 | F29: =COUNTIFS(TablaMóviles[Provincia],$A29,TablaMóviles[Estado],F$23) -> 0 | G29: =IFERROR(D29/B29,0) -> 0
A30: Salta/Jujuy | B30: =COUNTIF(TablaMóviles[Provincia],$A30) -> 2 | C30: =COUNTIFS(TablaMóviles[Provincia],$A30,TablaMóviles[Estado],C$23) -> 1 | D30: =COUNTIFS(TablaMóviles[Provincia],$A30,TablaMóviles[Estado],D$23) -> 0 | E30: =COUNTIFS(TablaMóviles[Provincia],$A30,TablaMóviles[Estado],E$23) -> 1 | F30: =COUNTIFS(TablaMóviles[Provincia],$A30,TablaMóviles[Estado],F$23) -> 0 | G30: =IFERROR(D30/B30,0) -> 0
A31: San Juan | B31: =COUNTIF(TablaMóviles[Provincia],$A31) -> 18 | C31: =COUNTIFS(TablaMóviles[Provincia],$A31,TablaMóviles[Estado],C$23) -> 12 | D31: =COUNTIFS(TablaMóviles[Provincia],$A31,TablaMóviles[Estado],D$23) -> 0 | E31: =COUNTIFS(TablaMóviles[Provincia],$A31,TablaMóviles[Estado],E$23) -> 3 | F31: =COUNTIFS(TablaMóviles[Provincia],$A31,TablaMóviles[Estado],F$23) -> 3 | G31: =IFERROR(D31/B31,0) -> 0
A32: Sin habilitación | B32: =COUNTIF(TablaMóviles[Provincia],$A32) -> 28 | C32: =COUNTIFS(TablaMóviles[Provincia],$A32,TablaMóviles[Estado],C$23) -> 28 | D32: =COUNTIFS(TablaMóviles[Provincia],$A32,TablaMóviles[Estado],D$23) -> 0 | E32: =COUNTIFS(TablaMóviles[Provincia],$A32,TablaMóviles[Estado],E$23) -> 0 | F32: =COUNTIFS(TablaMóviles[Provincia],$A32,TablaMóviles[Estado],F$23) -> 0 | G32: =IFERROR(D32/B32,0) -> 0
A33: TOTAL | B33: =SUM(B24:B32) -> 109 | C33: =SUM(C24:C32) -> 86 | D33: =SUM(D24:D32) -> 0 | E33: =SUM(E24:E32) -> 17 | F33: =SUM(F24:F32) -> 6 | G33: =IFERROR(D33/B33,0) -> 0
A35: POR MODELO DE VEHÍCULO
A36: Valor | B36: Total | C36: Asignado | D36: Disponible | E36: Back Up | F36: En Reparación | G36: % Disp.
A37: Toyota Hilux | B37: {=SUMPRODUCT(--(ISNUMBER(SEARCH("HILUX",TablaMóviles[Modelo]))+ISNUMBER(SEARCH("TOYOTA",TablaMóviles[Modelo]))>0))} -> 67 | C37: {=SUMPRODUCT(((ISNUMBER(SEARCH("HILUX",TablaMóviles[Modelo]))+ISNUMBER(SEARCH("TOYOTA",TablaMóviles[Modelo])))>0)*(TablaMóviles[Estado]=C$36))} -> 54 | D37: {=SUMPRODUCT(((ISNUMBER(SEARCH("HILUX",TablaMóviles[Modelo]))+ISNUMBER(SEARCH("TOYOTA",TablaMóviles[Modelo])))>0)*(TablaMóviles[Estado]=D$36))} -> 0 | E37: {=SUMPRODUCT(((ISNUMBER(SEARCH("HILUX",TablaMóviles[Modelo]))+ISNUMBER(SEARCH("TOYOTA",TablaMóviles[Modelo])))>0)*(TablaMóviles[Estado]=E$36))} -> 10 | F37: {=SUMPRODUCT(((ISNUMBER(SEARCH("HILUX",TablaMóviles[Modelo]))+ISNUMBER(SEARCH("TOYOTA",TablaMóviles[Modelo])))>0)*(TablaMóviles[Estado]=F$36))} -> 3 | G37: =IFERROR(D37/B37,0) -> 0
A38: Ford Ranger | B38: {=SUMPRODUCT(--((ISNUMBER(SEARCH("RANGER",TablaMóviles[Modelo]))+ISNUMBER(SEARCH("FORD",TablaMóviles[Modelo])))>0))-B41} -> 38 | C38: {=SUMPRODUCT(((ISNUMBER(SEARCH("RANGER",TablaMóviles[Modelo]))+ISNUMBER(SEARCH("FORD",TablaMóviles[Modelo])))>0)*(TablaMóviles[Estado]=C$36))-C41} -> 28 | D38: {=SUMPRODUCT(((ISNUMBER(SEARCH("RANGER",TablaMóviles[Modelo]))+ISNUMBER(SEARCH("FORD",TablaMóviles[Modelo])))>0)*(TablaMóviles[Estado]=D$36))-D41} -> 0 | E38: {=SUMPRODUCT(((ISNUMBER(SEARCH("RANGER",TablaMóviles[Modelo]))+ISNUMBER(SEARCH("FORD",TablaMóviles[Modelo])))>0)*(TablaMóviles[Estado]=E$36))-E41} -> 7 | F38: {=SUMPRODUCT(((ISNUMBER(SEARCH("RANGER",TablaMóviles[Modelo]))+ISNUMBER(SEARCH("FORD",TablaMóviles[Modelo])))>0)*(TablaMóviles[Estado]=F$36))-F41} -> 3 | G38: =IFERROR(D38/B38,0) -> 0
A39: Peugeot Boxer | B39: =COUNTIF(TablaMóviles[Modelo],"*BOXER*") -> 1 | C39: =COUNTIFS(TablaMóviles[Modelo],"*BOXER*",TablaMóviles[Estado],C$36) -> 1 | D39: =COUNTIFS(TablaMóviles[Modelo],"*BOXER*",TablaMóviles[Estado],D$36) -> 0 | E39: =COUNTIFS(TablaMóviles[Modelo],"*BOXER*",TablaMóviles[Estado],E$36) -> 0 | F39: =COUNTIFS(TablaMóviles[Modelo],"*BOXER*",TablaMóviles[Estado],F$36) -> 0 | G39: =IFERROR(D39/B39,0) -> 0
A40: Fiat (Ducato/Strada) | B40: {=SUMPRODUCT(--((ISNUMBER(SEARCH("FIAT",TablaMóviles[Modelo]))+ISNUMBER(SEARCH("DUCATO",TablaMóviles[Modelo]))+ISNUMBER(SEARCH("STRADA",TablaMóviles[Modelo])))>0))} -> 2 | C40: {=SUMPRODUCT(((ISNUMBER(SEARCH("FIAT",TablaMóviles[Modelo]))+ISNUMBER(SEARCH("DUCATO",TablaMóviles[Modelo]))+ISNUMBER(SEARCH("STRADA",TablaMóviles[Modelo])))>0)*(TablaMóviles[Estado]=C$36))} -> 2 | D40: {=SUMPRODUCT(((ISNUMBER(SEARCH("FIAT",TablaMóviles[Modelo]))+ISNUMBER(SEARCH("DUCATO",TablaMóviles[Modelo]))+ISNUMBER(SEARCH("STRADA",TablaMóviles[Modelo])))>0)*(TablaMóviles[Estado]=D$36))} -> 0 | E40: {=SUMPRODUCT(((ISNUMBER(SEARCH("FIAT",TablaMóviles[Modelo]))+ISNUMBER(SEARCH("DUCATO",TablaMóviles[Modelo]))+ISNUMBER(SEARCH("STRADA",TablaMóviles[Modelo])))>0)*(TablaMóviles[Estado]=E$36))} -> 0 | F40: {=SUMPRODUCT(((ISNUMBER(SEARCH("FIAT",TablaMóviles[Modelo]))+ISNUMBER(SEARCH("DUCATO",TablaMóviles[Modelo]))+ISNUMBER(SEARCH("STRADA",TablaMóviles[Modelo])))>0)*(TablaMóviles[Estado]=F$36))} -> 0 | G40: =IFERROR(D40/B40,0) -> 0
A41: Ford Transit | B41: =COUNTIF(TablaMóviles[Modelo],"*TRANSIT*") -> 1 | C41: =COUNTIFS(TablaMóviles[Modelo],"*TRANSIT*",TablaMóviles[Estado],C$36) -> 1 | D41: =COUNTIFS(TablaMóviles[Modelo],"*TRANSIT*",TablaMóviles[Estado],D$36) -> 0 | E41: =COUNTIFS(TablaMóviles[Modelo],"*TRANSIT*",TablaMóviles[Estado],E$36) -> 0 | F41: =COUNTIFS(TablaMóviles[Modelo],"*TRANSIT*",TablaMóviles[Estado],F$36) -> 0 | G41: =IFERROR(D41/B41,0) -> 0
A42: TOTAL | B42: =SUM(B37:B41) -> 109 | C42: =SUM(C37:C41) -> 86 | D42: =SUM(D37:D41) -> 0 | E42: =SUM(E37:E41) -> 17 | F42: =SUM(F37:F41) -> 6 | G42: =IFERROR(D42/B42,0) -> 0

Sheet Por Cliente
A1: MÓVILES POR CLIENTE — MARZO 2026
A2: Fórmulas dinámicas — se actualiza al recalcular (F9) tras modificar hoja Datos
A4: Cliente | B4: Total | C4: Asignados | D4: Disponibles | E4: Back Up | F4: En Reparación | G4: Región(es) | H4: Tipo(s) | I4: Años | J4: Clasificación | K4: Estado ref.
A5: YPF | B5: =COUNTIF(Datos!$I$3:$I$111,A5) -> 24 | C5: =COUNTIFS(Datos!$I$3:$I$111,A5,Datos!$M$3:$M$111,"Asignado") -> 24 | D5: =COUNTIFS(Datos!$I$3:$I$111,A5,Datos!$M$3:$M$111,"Disponible") -> 0 | E5: =COUNTIFS(Datos!$I$3:$I$111,A5,Datos!$M$3:$M$111,"Back Up") -> 0 | F5: =COUNTIFS(Datos!$I$3:$I$111,A5,Datos!$M$3:$M$111,"En Reparación") -> 0 | G5: UTIM NQN | H5: AMBULANCIA | I5: 2018–2023 | J5: Cliente Externo | K5: Asignado
A6: VICUÑA | B6: =COUNTIF(Datos!$I$3:$I$111,A6) -> 17 | C6: =COUNTIFS(Datos!$I$3:$I$111,A6,Datos!$M$3:$M$111,"Asignado") -> 13 | D6: =COUNTIFS(Datos!$I$3:$I$111,A6,Datos!$M$3:$M$111,"Disponible") -> 0 | E6: =COUNTIFS(Datos!$I$3:$I$111,A6,Datos!$M$3:$M$111,"Back Up") -> 4 | F6: =COUNTIFS(Datos!$I$3:$I$111,A6,Datos!$M$3:$M$111,"En Reparación") -> 0 | G6: LOGISTICA SJ, UTIM SJ | H6: AMBULANCIA, LOGISTICA | I6: 2019–2025 | J6: Cliente Externo | K6: Asignado
A7: DISPONIBLE | B7: =COUNTIF(Datos!$I$3:$I$111,A7) -> 0 | C7: =COUNTIFS(Datos!$I$3:$I$111,A7,Datos!$M$3:$M$111,"Asignado") -> 0 | D7: =COUNTIFS(Datos!$I$3:$I$111,A7,Datos!$M$3:$M$111,"Disponible") -> 0 | E7: =COUNTIFS(Datos!$I$3:$I$111,A7,Datos!$M$3:$M$111,"Back Up") -> 0 | F7: =COUNTIFS(Datos!$I$3:$I$111,A7,Datos!$M$3:$M$111,"En Reparación") -> 0 | G7: UTIM NQN | H7: AMBULANCIA | I7: 2017–2023 | J7: Disponible | K7: Disponible
A8: TRASL PERSONAL | B8: =COUNTIF(Datos!$I$3:$I$111,A8) -> 0 | C8: =COUNTIFS(Datos!$I$3:$I$111,A8,Datos!$M$3:$M$111,"Asignado") -> 0 | D8: =COUNTIFS(Datos!$I$3:$I$111,A8,Datos!$M$3:$M$111,"Disponible") -> 0 | E8: =COUNTIFS(Datos!$I$3:$I$111,A8,Datos!$M$3:$M$111,"Back Up") -> 0 | F8: =COUNTIFS(Datos!$I$3:$I$111,A8,Datos!$M$3:$M$111,"En Reparación") -> 0 | G8: LOGISTICA NQN | H8: LOGISTICA | I8: 2022–2024 | J8: Interno | K8: Asignado
A9: BACK UP GRAL | B9: =COUNTIF(Datos!$I$3:$I$111,A9) -> 0 | C9: =COUNTIFS(Datos!$I$3:$I$111,A9,Datos!$M$3:$M$111,"Asignado") -> 0 | D9: =COUNTIFS(Datos!$I$3:$I$111,A9,Datos!$M$3:$M$111,"Disponible") -> 0 | E9: =COUNTIFS(Datos!$I$3:$I$111,A9,Datos!$M$3:$M$111,"Back Up") -> 0 | F9: =COUNTIFS(Datos!$I$3:$I$111,A9,Datos!$M$3:$M$111,"En Reparación") -> 0 | G9: UTIM NQN, UTIM SALTA | H9: AMBULANCIA | I9: 2019–2024 | J9: Back Up | K9: Back Up
A10: VISTA OIL | B10: =COUNTIF(Datos!$I$3:$I$111,A10) -> 4 | C10: =COUNTIFS(Datos!$I$3:$I$111,A10,Datos!$M$3:$M$111,"Asignado") -> 4 | D10: =COUNTIFS(Datos!$I$3:$I$111,A10,Datos!$M$3:$M$111,"Disponible") -> 0 | E10: =COUNTIFS(Datos!$I$3:$I$111,A10,Datos!$M$3:$M$111,"Back Up") -> 0 | F10: =COUNTIFS(Datos!$I$3:$I$111,A10,Datos!$M$3:$M$111,"En Reparación") -> 0 | G10: UTIM NQN | H10: AMBULANCIA | I10: 2019–2024 | J10: Cliente Externo | K10: Asignado
A11: BACK UP YPF / VISTA | B11: =COUNTIF(Datos!$I$3:$I$111,A11) -> 0 | C11: =COUNTIFS(Datos!$I$3:$I$111,A11,Datos!$M$3:$M$111,"Asignado") -> 0 | D11: =COUNTIFS(Datos!$I$3:$I$111,A11,Datos!$M$3:$M$111,"Disponible") -> 0 | E11: =COUNTIFS(Datos!$I$3:$I$111,A11,Datos!$M$3:$M$111,"Back Up") -> 0 | F11: =COUNTIFS(Datos!$I$3:$I$111,A11,Datos!$M$3:$M$111,"En Reparación") -> 0 | G11: UTIM NQN | H11: AMBULANCIA | I11: 2023–2024 | J11: Back Up | K11: Back Up
A12: GERENCIAL | B12: =COUNTIF(Datos!$I$3:$I$111,A12) -> 0 | C12: =COUNTIFS(Datos!$I$3:$I$111,A12,Datos!$M$3:$M$111,"Asignado") -> 0 | D12: =COUNTIFS(Datos!$I$3:$I$111,A12,Datos!$M$3:$M$111,"Disponible") -> 0 | E12: =COUNTIFS(Datos!$I$3:$I$111,A12,Datos!$M$3:$M$111,"Back Up") -> 0 | F12: =COUNTIFS(Datos!$I$3:$I$111,A12,Datos!$M$3:$M$111,"En Reparación") -> 0 | G12: LOGISTICA NQN | H12: LOGISTICA | I12: 2021–2025 | J12: Interno | K12: Asignado
A13: RECAMBIO VICUÑA | B13: =COUNTIF(Datos!$I$3:$I$111,A13) -> 0 | C13: =COUNTIFS(Datos!$I$3:$I$111,A13,Datos!$M$3:$M$111,"Asignado") -> 0 | D13: =COUNTIFS(Datos!$I$3:$I$111,A13,Datos!$M$3:$M$111,"Disponible") -> 0 | E13: =COUNTIFS(Datos!$I$3:$I$111,A13,Datos!$M$3:$M$111,"Back Up") -> 0 | F13: =COUNTIFS(Datos!$I$3:$I$111,A13,Datos!$M$3:$M$111,"En Reparación") -> 0 | G13: UTIM SJ | H13: AMBULANCIA | I13: 2025 | J13: Interno | K13: Asignado
A14: SUPERVISORES | B14: =COUNTIF(Datos!$I$3:$I$111,A14) -> 0 | C14: =COUNTIFS(Datos!$I$3:$I$111,A14,Datos!$M$3:$M$111,"Asignado") -> 0 | D14: =COUNTIFS(Datos!$I$3:$I$111,A14,Datos!$M$3:$M$111,"Disponible") -> 0 | E14: =COUNTIFS(Datos!$I$3:$I$111,A14,Datos!$M$3:$M$111,"Back Up") -> 0 | F14: =COUNTIFS(Datos!$I$3:$I$111,A14,Datos!$M$3:$M$111,"En Reparación") -> 0 | G14: LOGISTICA NQN | H14: LOGISTICA | I14: 2018–2022 | J14: Interno | K14: Asignado
A15: GANFENG | B15: =COUNTIF(Datos!$I$3:$I$111,A15) -> 4 | C15: =COUNTIFS(Datos!$I$3:$I$111,A15,Datos!$M$3:$M$111,"Asignado") -> 4 | D15: =COUNTIFS(Datos!$I$3:$I$111,A15,Datos!$M$3:$M$111,"Disponible") -> 0 | E15: =COUNTIFS(Datos!$I$3:$I$111,A15,Datos!$M$3:$M$111,"Back Up") -> 0 | F15: =COUNTIFS(Datos!$I$3:$I$111,A15,Datos!$M$3:$M$111,"En Reparación") -> 0 | G15: UTIM SALTA | H15: AMBULANCIA | I15: 2019–2023 | J15: Cliente Externo | K15: Asignado
A16: BACKUP | B16: =COUNTIF(Datos!$I$3:$I$111,A16) -> 0 | C16: =COUNTIFS(Datos!$I$3:$I$111,A16,Datos!$M$3:$M$111,"Asignado") -> 0 | D16: =COUNTIFS(Datos!$I$3:$I$111,A16,Datos!$M$3:$M$111,"Disponible") -> 0 | E16: =COUNTIFS(Datos!$I$3:$I$111,A16,Datos!$M$3:$M$111,"Back Up") -> 0 | F16: =COUNTIFS(Datos!$I$3:$I$111,A16,Datos!$M$3:$M$111,"En Reparación") -> 0 | G16: UTIM SALTA, UTIM SJ | H16: AMBULANCIA | I16: 2017 | J16: Back Up | K16: Back Up
... A43: VEHICULO GUIA | B43: =COUNTIF(Datos!$I$3:$I$111,A43) -> 0 | C43: =COUNTIFS(Datos!$I$3:$I$111,A43,Datos!$M$3:$M$111,"Asignado") -> 0 | D43: =COUNTIFS(Datos!$I$3:$I$111,A43,Datos!$M$3:$M$111,"Disponible") -> 0 | E43: =COUNTIFS(Datos!$I$3:$I$111,A43,Datos!$M$3:$M$111,"Back Up") -> 0 | F43: =COUNTIFS(Datos!$I$3:$I$111,A43,Datos!$M$3:$M$111,"En Reparación") -> 0 | G43: LOGISTICA SJ | H43: LOGISTICA | I43: 2025 | J43: Cliente Externo | K43: Asignado
A44: TOTAL | B44: =SUM(B5:B43) -> 56 | C44: =SUM(C5:C43) -> 51 | D44: =SUM(D5:D43) -> 0 | E44: =SUM(E5:E43) -> 5 | F44: =SUM(F5:F43) -> 0

Sheet Q moviles necesarios segun RF26
A1: Cliente | B1: Vertical | C1: Tipo de negocio | D1: 46023 | E1: 46054 | F1: 46082 | G1: 46113 | H1: 46143 | I1: 46174 | J1: 46204 | K1: 46235 | L1: 46266 | M1: 46296 | N1: 46327 | O1: 46357
A2: YPF R6 Fijas | B2: Petroleo+OOD | C2: BAU | D2: 17 | E2: 17 | F2: 16 | G2: 16 | H2: 16 | I2: 16 | J2: 16 | K2: 15 | L2: 15 | M2: 15 | N2: 15 | O2: 15
A3: YPF R6 Event | B3: Petroleo+OOD | C3: BAU | D3: 2 | E3: 2 | F3: 3 | G3: 3 | H3: 5 | I3: 5 | J3: 5 | K3: 5 | L3: 5 | M3: 5 | N3: 5 | O3: 5
A4: YPF Cantera | B4: Petroleo+OOD | C4: BAU | D4: 0 | E4: 1 | F4: 1 | G4: 1 | H4: 1 | I4: 1 | J4: 0 | K4: 0 | L4: 0 | M4: 0 | N4: 0 | O4: 0
A5: Vista Oil | B5: Petroleo+OOD | C5: BAU | D5: 4 | E5: 4 | F5: 4 | G5: 4 | H5: 4 | I5: 4 | J5: 5 | K5: 5 | L5: 5 | M5: 5 | N5: 5 | O5: 5
A6: Aconcagua | B6: Petroleo+OOD | C6: BAU | D6: 1 | E6: 1 | F6: 1 | G6: 1 | H6: 1 | I6: 1 | J6: 1 | K6: 1 | L6: 1 | M6: 1 | N6: 1 | O6: 1
A7: Capex | B7: Petroleo+OOD | C7: BAU | D7: 1 | E7: 1 | F7: 1 | G7: 1 | H7: 1 | I7: 1 | J7: 1 | K7: 1 | L7: 1 | M7: 1 | N7: 1 | O7: 1
A8: Geopark | B8: Petroleo+OOD | C8: NN | D8: 0 | E8: 0 | F8: 0 | G8: 0 | H8: 0 | I8: 1 | J8: 1 | K8: 1 | L8: 1 | M8: 1 | N8: 1 | O8: 1
A9: Techint | B9: Petroleo+OOD | C9: BAU BIS | D9: 0 | E9: 0 | F9: 0 | G9: 0 | H9: 2 | I9: 3 | J9: 5 | K9: 5 | L9: 5 | M9: 5 | N9: 5 | O9: 5
A10: GENNEIA | B10: Petroleo+OOD | C10: BAU | D10: 1 | E10: 1 | F10: 1 | G10: 1 | H10: 1 | I10: 1 | J10: 1 | K10: 0 | L10: 0 | M10: 0 | N10: 0 | O10: 0
A11: Milicic VMOC | B11: Petroleo+OOD | C11: NN | D11: 0 | E11: 0 | F11: 0 | G11: 0 | H11: 0 | I11: 0 | J11: 0 | K11: 0 | L11: 1 | M11: 1 | N11: 1 | O11: 1
A12: Lundin | B12: Mineria | C12: BAU | D12: 13 | E12: 13 | F12: 14 | G12: 14 | H12: 14 | I12: 14 | J12: 14 | K12: 14 | L12: 15 | M12: 15 | N12: 15 | O12: 15
... A19: AGV | B19: Mineria | C19: NN | D19: 0 | E19: 0 | F19: 0 | G19: 0 | H19: 0 | I19: 1 | J19: 1 | K19: 1 | L19: 1 | M19: 1 | N19: 1 | O19: 1
A20: SESA | B20: Mineria | C20: NN | D20: 0 | E20: 0 | F20: 0 | G20: 0 | H20: 0 | I20: 0 | J20: 0 | K20: 1 | L20: 1 | M20: 1 | N20: 1
A21: TECK DISCOVERY | B21: Mineria | C21: NN | D21: 0 | E21: 0 | F21: 0 | G21: 0 | H21: 0 | I21: 0 | J21: 0 | K21: 0 | L21: 1 | M21: 1 | N21: 1 | O21: 1
A22: GWK MINERALS | B22: Mineria | C22: BAU | D22: 1 | E22: 1 | F22: 1 | G22: 1 | H22: 1 | I22: 0 | J22: 0 | K22: 0 | L22: 0 | M22: 0 | N22: 1 | O22: 1
A23: FIRST QUANTUM | B23: Mineria | C23: NN | D23: 1 | E23: 1 | F23: 1 | H23: 1 | I23: 1 | J23: 1 | K23: 1 | L23: 1 | M23: 1 | N23: 1 | O23: 1
A24: MCEWEN | B24: Mineria | C24: NN | D24: 0 | E24: 0 | F24: 0 | G24: 0 | H24: 0 | I24: 0 | J24: 0 | K24: 0 | L24: 1 | M24: 1 | N24: 1 | O24: 1
A25: MINERA SAN JORGE | B25: Mineria | C25: NN | D25: 0 | E25: 0 | F25: 0 | G25: 0 | H25: 0 | I25: 0 | J25: 0 | K25: 0 | L25: 1 | M25: 1 | N25: 1 | O25: 1
A26: PECOM Chivilcoy | B26: Petroleo+OOD | C26: BAU | D26: 1 | E26: 1 | F26: 1 | G26: 1 | H26: 1 | I26: 1 | J26: 1 | K26: 1 | L26: 1 | M26: 1 | N26: 1 | O26: 1
A27: INTEGRA RN | B27: Petroleo+OOD | C27: BAU | D27: 1 | E27: 1 | F27: 1 | G27: 1 | H27: 1 | I27: 0 | J27: 0 | K27: 0 | L27: 0 | M27: 0 | N27: 0 | O27: 0
A28: ENEL/MSU | B28: Petroleo+OOD | C28: BAU | D28: 1 | E28: 1 | F28: 1 | G28: 1 | H28: 1 | I28: 1 | J28: 0 | K28: 0 | L28: 0 | M28: 0 | N28: 0 | O28: 0
A29: Milicic Obras NOA & Rio negro | B29: Petroleo+OOD | C29: NN | D29: 0 | E29: 0 | F29: 0 | G29: 0 | H29: 0 | I29: 2 | J29: 2 | K29: 2 | L29: 2 | M29: 2 | N29: 2 | O29: 0
A30: EPEN | B30: Petroleo+OOD | C30: NN | D30: 0 | E30: 0 | F30: 0 | G30: 0 | H30: 0 | I30: 1 | J30: 1 | K30: 1 | L30: 1 | M30: 1 | N30: 1 | O30: 1
D32: =+SUM(D2:D30) -> 47 | E32: =+SUM(E2:E30) -> 49 | F32: =+SUM(F2:F30) -> 50 | G32: =+SUM(G2:G30) -> 50 | H32: =+SUM(H2:H30) -> 58 | I32: =+SUM(I2:I30) -> 65 | J32: =+SUM(J2:J30) -> 66 | K32: =+SUM(K2:K30) -> 64 | ... O32: =+SUM(O2:O30) -> 68

Sheet Plan de Compras
A1: PLAN DE COMPRAS — NECESIDADES REALES POR AÑO (PLAN OPERATIVO)
A2: Sin optimización · Basado en premisas operativas reales confirmadas · VISTA OIL marcada como condicional (sujeta a licitación)
A4: Año | B4: Nº | C4: Dominio | D4: Vertical | E4: Cliente actual | F4: Año Pat. | G4: Motivo | H4: Acción
A5: 2026 — 10 compras firmes + 1 condicional (VISTA, sujeta a licitación)
A6: 2026 | B6: 1 | C6: AB097AV | D6: BackUp | E6: BACKUP | F6: 2017 | G6: 2017 — hab. vencida | H6: Comprar reemplazo
A7: 2026 | B7: 2 | C7: AB960ZP | D7: BackUp | E7: BACKUP | F7: 2017 | G7: 2017 — hab. vencida | H7: Comprar reemplazo
A8: 2026 | B8: 3 | C8: AB310SB | D8: BackUp | E8: BACKUP | F8: 2017 | G8: 2017 — hab. vencida | H8: Comprar reemplazo
A9: 2026 | B9: 4 | C9: AC329GI | D9: Disponible | E9: DISPONIBLE | F9: 2017 | G9: 2017 — hab. vencida | H9: Comprar reemplazo
A10: 2026 | B10: 5 | C10: AB960ZM | D10: Disponible | E10: DISPONIBLE | F10: 2017 | G10: 2017 — hab. vencida | H10: Comprar reemplazo
A11: 2026 | B11: 6 | C11: AB960ZO | D11: Disponible | E11: DISPONIBLE | F11: 2017 | G11: 2017 — hab. vencida | H11: Comprar reemplazo
A12: 2026 | B12: 7 | C12: AB960ZN | D12: Disponible | E12: DISPONIBLE | F12: 2017 | G12: 2017 — hab. vencida | H12: Comprar reemplazo
A13: 2026 | B13: 8 | C13: AB960ZL | D13: Disponible | E13: DISPONIBLE | F13: 2017 | G13: 2017 — hab. vencida | H13: Comprar reemplazo
A14: 2026 | B14: 9 | C14: AA989TZ | D14: Disponible | E14: DISPONIBLE | F14: 2017 | G14: 2017 — hab. vencida | H14: Comprar reemplazo
A15: 2026 | B15: 10 | C15: AD786XM | D15: Minería | E15: VICUÑA | F15: 2019 | G15: Vicuña 2019 — vencida (lim 3a) | H15: Comprar reemplazo
A16: 2026 | B16: 11 | C16: AD776VZ | D16: Petróleo | E16: VISTA OIL | F16: 2019 | G16: VISTA OIL 2019 — vencida (lim 5a) | H16: Comprar si se gana licitación
A18: 2027 — 2 compras firmes
A19: 2027 | B19: 1 | C19: AC434SW | D19: Disponible | E19: DISPONIBLE | F19: 2018 | G19: Disponible 2018 — vence 2027 (lim 10a) | H19: Comprar reemplazo
A20: 2027 | B20: 2 | C20: AC434SV | D20: Petróleo | E20: YPF | F20: 2018 | G20: YPF 2018 — vence 2027 (lim 8a) | H20: Comprar reemplazo
A22: 2028 — 9 compras firmes
A23: 2028 | B23: 1 | C23: AD776VR | D23: Petróleo | E23: YPF | F23: 2019 | G23: YPF 2019 — vence 2028 (lim 8a) | H23: Renovar
A24: 2028 | B24: 2 | C24: AD786XI | D24: Petróleo | E24: YPF | F24: 2019 | G24: YPF 2019 — vence 2028 (lim 8a) | H24: Renovar
A25: 2028 | B25: 3 | C25: AD776VT | D25: Petróleo | E25: YPF | F25: 2019 | G25: YPF 2019 — vence 2028 (lim 8a) | H25: Renovar
A26: 2028 | B26: 4 | C26: AD776VQ | D26: Petróleo | E26: YPF | F26: 2019 | G26: YPF 2019 — vence 2028 (lim 8a) | H26: Renovar
A27: 2028 | B27: 5 | C27: AD786XK | D27: Petróleo | E27: YPF | F27: 2019 | G27: YPF 2019 — vence 2028 (lim 8a) | H27: Renovar
A28: 2028 | B28: 6 | C28: AD786XA | D28: Petróleo | E28: YPF | F28: 2019 | G28: YPF 2019 — vence 2028 (lim 8a) | H28: Renovar
A29: 2028 | B29: 7 | C29: AD776VP | D29: Petróleo | E29: YPF | F29: 2019 | G29: YPF 2019 — vence 2028 (lim 8a) | H29: Renovar
A30: 2028 | B30: 8 | C30: AD786XL | D30: Petróleo | E30: YPF | F30: 2019 | G30: YPF 2019 — vence 2028 (lim 8a) | H30: Renovar
A31: 2028 | B31: 9 | C31: AD786XY | D31: Petróleo | E31: YPF | F31: 2019 | G31: YPF 2019 — vence 2028 (lim 8a) | H31: Renovar
A33: TOTAL: 21 compras firmes + 1 condicional = 22 unidades en el trienio 2026–2028
A35: SITUACIÓN ESPECIAL — CAMADA 2022
A36: AF552AK, AF552AU, AF683IW | B36: VICUÑA | C36: Ya tienen reemplazo con unidades 2025 (AH505LJ/LK/LL) → se liberan para reasignar a YPF
A37: AF499WT, AF552AL | B37: REPARACIÓN | C37: En reparación → cuando estén listas, se envían a YPF como BackUp o reemplazo directo
A38: AF552AM | B38: NGEX | C38: Vence 2026 → se cubre con las unidades de reparación una vez reparadas (sin compra adicional)

Sheet Resumen por Año
A1: RESUMEN EJECUTIVO — NECESIDADES DE COMPRA POR AÑO
A3: Año | B3: Compras firmes | C3: Condicional | D3: Total | E3: Detalle | F3: Obs. | I3: Año | J3: Firmes | K3: Condicional
A4: 2026 | B4: 10 | C4: 1 | D4: 11 | E4: 9 unidades 2017 + Vicuña 2019 vencida | F4: +1 VISTA OIL (condicional licitación) | I4: 2026 | J4: 10 | K4: 1
A5: 2027 | B5: 2 | C5: 0 | D5: 2 | E5: 1 YPF 2018 + 1 Disponible 2018 | I5: 2027 | J5: 2 | K5: 0
A6: 2028 | B6: 9 | C6: 0 | D6: 9 | E6: 9 unidades YPF 2019 | F6: Pico — planificar adquisición en 2026/2027 | I6: 2028 | J6: 9 | K6: 0
A7: TOTAL 2026–2028 | B7: 21 | C7: 1 | D7: 22 | E7: Trienio completo

Sheet Base por año
A1: FLOTA UTIM — CUADRO POR AÑO DE PATENTAMIENTO · PLAN OPERATIVO REAL
A2: 84 UTIM · Plan operativo real según premisas confirmadas · Colores: rojo=compra urgente 2026 · naranja=2027 · amarillo=2028 · amarillo claro=condicional · verde=sin urgencia
A4: ≤ 2026 — Compra urgente | B4: 2027 | C4: 2028 | D4: Condicional (licitación) | E4: 2029–2030 | F4: 2031+ / Sin urgencia | G4: Acción especial
A5: Dominio | B5: Año Pat. | C5: Vertical | D5: Cliente | E5: Estado | F5: Año Reposición | G5: Acción requerida | H5: Motivo / Criterio | I5: Tipo | J5: Región | K5: Prov. | L5: Modelo | M5: km
A6: AB960ZS | B6: 2017 | C6: Minería | D6: PAMI | E6: Asignado | F6: 2021 | G6: Sin acción inmediata | H6: Minería 2017 — vence 2021 | I6: AMBULANCIA | J6: UTIM SALTA | K6: Salta | L6: FURGON Fiat Ducato Max
A7: AB097AV | B7: 2017 | C7: BackUp | D7: BACKUP | E7: Back Up | F7: 2026 | G7: Comprar reemplazo | H7: 2017 — hab. vencida | I7: AMBULANCIA | J7: UTIM SJ | K7: San Juan | L7: Toyota Hilux 4x4 2.5 T | M7: 157667
A8: AB960ZP | B8: 2017 | C8: BackUp | D8: BACKUP | E8: Back Up | F8: 2026 | G8: Comprar reemplazo | H8: 2017 — hab. vencida | I8: AMBULANCIA | J8: UTIM SALTA | K8: Salta | L8: Toyota Hilux CC 4x4 2. | M8: 152031
A9: AA989TZ | B9: 2017 | C9: Disponible | D9: DISPONIBLE | E9: Disponible | F9: 2026 | G9: Comprar reemplazo | H9: 2017 — hab. vencida | I9: AMBULANCIA | J9: UTIM NQN | K9: Chubut | L9: Toyota Hilux 4x4 2.5 T | M9: 145000
A10: AB960ZL | B10: 2017 | C10: Disponible | D10: DISPONIBLE | E10: Disponible | F10: 2026 | G10: Comprar reemplazo | H10: 2017 — hab. vencida | I10: AMBULANCIA | J10: UTIM NQN | K10: Nacional/Pendiente | L10: Toyota Hilux 4x4 2.5 T | M10: 88616
A11: AB960ZM | B11: 2017 | C11: Disponible | D11: DISPONIBLE | E11: Disponible | F11: 2026 | G11: Comprar reemplazo | H11: 2017 — hab. vencida | I11: AMBULANCIA | J11: UTIM NQN | K11: Neuquén | L11: Toyota Hilux 4x4 2.5 T | M11: 43377
A12: AB310SB | B12: 2017 | C12: BackUp | D12: BACKUP | E12: Back Up | F12: 2026 | G12: Sin acción inmediata | H12: 2017 — hab. vencida | I12: AMBULANCIA | J12: UTIM SALTA | K12: Salta | L12: FURGON BOXER 350 LH 2.
A13: AB960ZN | B13: 2017 | C13: Disponible | D13: DISPONIBLE | E13: Disponible | F13: 2026 | G13: Comprar reemplazo | H13: 2017 — hab. vencida | I13: AMBULANCIA | J13: UTIM NQN | K13: Neuquén | L13: Toyota Hilux 4x4 2.5 T | M13: 60288
A14: AB960ZO | B14: 2017 | C14: Disponible | D14: DISPONIBLE | E14: Disponible | F14: 2026 | G14: Comprar reemplazo | H14: 2017 — hab. vencida | I14: AMBULANCIA | J14: UTIM NQN | K14: Neuquén | L14: Toyota Hilux 4x4 2.5 T | M14: 43944
A15: AC329GI | B15: 2017 | C15: Disponible | D15: DISPONIBLE | E15: Disponible | F15: 2026 | G15: Comprar reemplazo | H15: 2017 — hab. vencida | I15: AMBULANCIA | J15: UTIM NQN | K15: Río Negro | L15: Toyota Hilux 4x4 2.5 T | M15: 63651
A16: AB097AU | B16: 2017 | C16: OOD | D16: GENNEIA | E16: Asignado | F16: 2026 | G16: Comprar reemplazo | H16: OOD 2017 — vence 2028 | I16: AMBULANCIA | J16: UTIM NQN | K16: Nacional/Pendiente | L16: TOYOTA HILUX 4X4 CS DX | M16: 47766
A17: AC434SW | B17: 2018 | C17: Disponible | D17: DISPONIBLE | E17: Disponible | F17: 2027 | G17: Comprar reemplazo | H17: Disponible 2018 — vence 2027 (lim 10a) | I17: AMBULANCIA | J17: UTIM NQN | K17: Río Negro | L17: Ford Ranger 4x4 2.2L
A18: AC434SV | B18: 2018 | C18: Petróleo | D18: YPF | E18: Asignado | F18: 2027 | G18: Comprar reemplazo | H18: YPF 2018 — vence 2027 (lim 8a) | I18: AMBULANCIA | J18: UTIM NQN | K18: Neuquén | L18: Ford Ranger 4x4 2.2L
A19: AD786XB | B19: 2019 | C19: Petróleo | D19: ACONCAGUA | E19: Asignado | F19: 2028 | G19: Sin acción inmediata | H19: Petróleo 2019 — vence 2028 | I19: AMBULANCIA | J19: UTIM NQN | K19: Río Negro | L19: Ford Ranger 4x4 2.2L
A20: AD776VY | B20: 2019 | C20: BackUp | D20: BACK UP GRAL | E20: Back Up | F20: 2030 | G20: Sin acción inmediata | H20: BackUp 2019 — vence 2030 | I20: AMBULANCIA | J20: UTIM NQN | K20: Nacional/Pendiente | L20: Ford Ranger 4x4 2.2L
A21: AD786XN | B21: 2019 | C21: BackUp | D21: BACK UP GRAL | E21: Back Up | F21: 2030 | G21: Sin acción inmediata | H21: BackUp 2019 — vence 2030 | I21: AMBULANCIA | J21: UTIM SALTA | K21: Salta | L21: Ford Ranger
A22: AD786XD | B22: 2019 | C22: BackUp | D22: BACK UP TMT | E22: Back Up | F22: 2030 | G22: Sin acción inmediata | H22: BackUp 2019 — vence 2030 | I22: AMBULANCIA | J22: UTIM SJ | K22: San Juan | L22: Ford Ranger 4x4 2.2L
A23: AD786XM | B23: 2019 | C23: Minería | D23: BACK UP VICUÑA | E23: Asignado | F23: 2026 | G23: Sin acción inmediata | H23: Vicuña 2019 — vencida (lim 3a) | I23: AMBULANCIA | J23: UTIM SJ | K23: San Juan | L23: Ford Ranger 4x4 2.2L
A24: AD776VM | B24: 2019 | C24: Disponible | D24: DISPONIBLE | E24: Disponible | F24: 2030 | G24: Sin acción inmediata | H24: Disponible 2019 — vence 2030 | I24: AMBULANCIA | J24: UTIM NQN | K24: Río Negro | L24: Ford Ranger 4x4 2.2L
A25: AD776VO | B25: 2019 | C25: Disponible | D25: DISPONIBLE | E25: Disponible | F25: 2030 | G25: Sin acción inmediata | H25: Disponible 2019 — vence 2030 | I25: AMBULANCIA | J25: UTIM NQN | K25: Neuquén | L25: Ford Ranger 4x4 2.2L
A26: AD776VS | B26: 2019 | C26: Disponible | D26: DISPONIBLE | E26: Disponible | F26: 2030 | G26: Sin acción inmediata | H26: Disponible 2019 — vence 2030 | I26: AMBULANCIA | J26: UTIM NQN | K26: Río Negro | L26: Ford Ranger 4x4 2.2L
A27: AD776VU | B27: 2019 | C27: Disponible | D27: DISPONIBLE | E27: Disponible | F27: 2030 | G27: Sin acción inmediata | H27: Disponible 2019 — vence 2030 | I27: AMBULANCIA | J27: UTIM NQN | K27: Neuquén | L27: Ford Ranger 4x4 2.2L
A28: AD786XC | B28: 2019 | C28: Disponible | D28: DISPONIBLE | E28: Disponible | F28: 2030 | G28: Sin acción inmediata | H28: Disponible 2019 — vence 2030 | I28: AMBULANCIA | J28: UTIM NQN | K28: Neuquén | L28: Ford Ranger 4x4 2.2L
... A32: AD786XZ | B32: 2019 | C32: Minería | D32: TMT | E32: Asignado | F32: 2023 | G32: Comprar reemplazo | H32: Minería 2019 — vence 2023 | I32: AMBULANCIA | J32: UTIM SJ | K32: San Juan | L32: Ford Ranger 4x4 2.2L
A33: AD786XX | B33: 2019 | C33: Petróleo | D33: UCI | E33: Asignado | F33: — | G33: Sin acción inmediata | H33: Excluido | I33: AMBULANCIA | J33: UTIM NQN | K33: Neuquén | L33: Ford Ranger 4x4 2.2L
A34: AD776VZ | B34: 2019 | C34: Petróleo | D34: VISTA OIL | E34: Asignado | F34: 2026 | G34: Comprar si se gana licitación | H34: VISTA OIL 2019 — vencida (lim 5a) | I34: AMBULANCIA | J34: UTIM NQN | K34: Neuquén | L34: Ford Ranger 4x4 2.2L
A35: AD776VP | B35: 2019 | C35: Petróleo | D35: YPF | E35: Asignado | F35: 2028 | G35: Comprar reemplazo | H35: YPF 2019 — vence 2028 (lim 8a) | I35: AMBULANCIA | J35: UTIM NQN | K35: Neuquén | L35: Ford Ranger 4x4 2.2L
A36: AD776VQ | B36: 2019 | C36: Petróleo | D36: YPF | E36: Asignado | F36: 2028 | G36: Comprar reemplazo | H36: YPF 2019 — vence 2028 (lim 8a) | I36: AMBULANCIA | J36: UTIM NQN | K36: Neuquén | L36: Ford Ranger 4x4 2.2L
A37: AD776VR | B37: 2019 | C37: Petróleo | D37: YPF | E37: Asignado | F37: 2028 | G37: Comprar reemplazo | H37: YPF 2019 — vence 2028 (lim 8a) | I37: AMBULANCIA | J37: UTIM NQN | K37: Neuquén | L37: Ford Ranger 4x4 2.2L
A38: AD776VT | B38: 2019 | C38: Petróleo | D38: YPF | E38: Asignado | F38: 2028 | G38: Comprar reemplazo | H38: YPF 2019 — vence 2028 (lim 8a) | I38: AMBULANCIA | J38: UTIM NQN | K38: Neuquén | L38: Ford Ranger 4x4 2.2L
A39: AD786XA | B39: 2019 | C39: Petróleo | D39: YPF | E39: Asignado | F39: 2028 | G39: Comprar reemplazo | H39: YPF 2019 — vence 2028 (lim 8a) | I39: AMBULANCIA | J39: UTIM NQN | K39: Neuquén | L39: Ford Ranger 4x4 2.2L
A40: AD786XI | B40: 2019 | C40: Petróleo | D40: YPF | E40: Asignado | F40: 2028 | G40: Comprar reemplazo | H40: YPF 2019 — vence 2028 (lim 8a) | I40: AMBULANCIA | J40: UTIM NQN | K40: Neuquén | L40: Ford Ranger 4x4 2.2L
A41: AD786XK | B41: 2019 | C41: Petróleo | D41: YPF | E41: Asignado | F41: 2028 | G41: Comprar reemplazo | H41: YPF 2019 — vence 2028 (lim 8a) | I41: AMBULANCIA | J41: UTIM NQN | K41: Neuquén | L41: Ford Ranger 4x4 2.2L
A42: AD786XL | B42: 2019 | C42: Petróleo | D42: YPF | E42: Asignado | F42: 2028 | G42: Comprar reemplazo | H42: YPF 2019 — vence 2028 (lim 8a) | I42: AMBULANCIA | J42: UTIM NQN | K42: Río Negro | L42: Ford Ranger 4x4 2.2L
A43: AD786XY | B43: 2019 | C43: Petróleo | D43: YPF | E43: Asignado | F43: 2028 | G43: Comprar reemplazo | H43: YPF 2019 — vence 2028 (lim 8a) | I43: AMBULANCIA | J43: UTIM NQN | K43: Neuquén | L43: Ford Ranger 4x4 2.2L
A44: AF683IT | B44: 2022 | C44: BackUp | D44: BACK UP NGX | E44: Back Up | F44: 2033 | G44: Sin acción inmediata | H44: BackUp 2022 — vence 2033 | I44: AMBULANCIA | J44: UTIM SJ | K44: San Juan | L44: YX.NUEVA RANGER CS 4X4
A45: AF552AM | B45: 2022 | C45: Minería | D45: NGEX | E45: Asignado | F45: — | G45: Cubrir con reparadas 2022 | H45: NGEX vence 2026 — cobertura con reparadas | I45: AMBULANCIA | J45: UTIM SJ | K45: San Juan | L45: TOYOTA HILUX 4X4 CC DX
A46: AF499WT | B46: 2022 | C46: Minería | D46: REPARACION | E46: En Reparación | F46: — | G46: En reparación → ir a YPF (BackUp/reemplazo) | H46: YPF O&G cuando se repare | I46: AMBULANCIA | J46: UTIM SJ | K46: San Juan | L46: TOYOTA HILUX 4X4 CC DX
A47: AF552AL | B47: 2022 | C47: Minería | D47: REPARACION | E47: En Reparación | F47: — | G47: En reparación → ir a YPF (BackUp/reemplazo) | H47: YPF O&G cuando se repare | I47: AMBULANCIA | J47: UTIM SJ | K47: San Juan | L47: TOYOTA HILUX 4X4 CC DX
A48: AF552AK | B48: 2022 | C48: Minería | D48: VICUÑA | E48: Asignado | F48: — | G48: Ya reemplazada (AH505L* 2025) | H48: Vicuña 2022 — libre para YPF cuando se repare | I48: AMBULANCIA | J48: UTIM SJ | K48: San Juan | L48: TOYOTA HILUX 4X4 CC DX
A49: AF552AU | B49: 2022 | C49: Minería | D49: VICUÑA | E49: Asignado | F49: — | G49: Ya reemplazada (AH505L* 2025) | H49: Vicuña 2022 — libre para YPF | I49: AMBULANCIA | J49: UTIM SJ | K49: San Juan | L49: TOYOTA HILUX 4X4 CC DX
A50: AF683IW | B50: 2022 | C50: Minería | D50: VICUÑA | E50: Asignado | F50: — | G50: Ya reemplazada (AH505L* 2025) | H50: Vicuña 2022 — libre para YPF | I50: AMBULANCIA | J50: UTIM SJ | K50: San Juan | L50: YX.NUEVA RANGER CS 4X4
A51: AG054TD | B51: 2023 | C51: BackUp | D51: BACK UP YPF / VISTA | E51: Back Up | F51: 2034 | G51: Sin acción inmediata | H51: BackUp 2023 — vence 2034 | I51: AMBULANCIA | J51: UTIM NQN | K51: Neuquén | L51: TOYOTA HILUX 4X4 CS DX
A52: AG435QP | B52: 2023 | C52: BackUp | D52: BACK UP YPF / VISTA | E52: Back Up | F52: 2034 | G52: Sin acción inmediata | H52: BackUp 2023 — vence 2034 | I52: AMBULANCIA | J52: UTIM NQN | K52: Neuquén | L52: HILUX 4X4 C/S DX 2.4 T
A53: AF683IV | B53: 2023 | C53: Petróleo | D53: CAPEX | E53: Asignado | F53: 2032 | G53: Sin acción inmediata | H53: Petróleo 2023 — vence 2032 | I53: AMBULANCIA | J53: UTIM NQN | K53: Neuquén | L53: YX.NUEVA RANGER CS 4X4
A54: AG387QM | B54: 2023 | C54: Disponible | D54: DISPONIBLE | E54: Disponible | F54: 2034 | G54: Sin acción inmediata | H54: Disponible 2023 — vence 2034 | I54: AMBULANCIA | J54: UTIM NQN | K54: Río Negro | L54: HILUX 4X4 C/S DX 2.4 T
A55: AG387QN | B55: 2023 | C55: Minería | D55: GANFENG | E55: Asignado | F55: 2027 | G55: Verificar | H55: Minería 2023 — vence 2027 | I55: AMBULANCIA | J55: UTIM SALTA | K55: Salta | L55: Toyota Hilux CC 4x4 2.
A56: AG387QO | B56: 2023 | C56: Minería | D56: GANFENG | E56: Asignado | F56: 2027 | G56: Verificar | H56: Minería 2023 — vence 2027 | I56: AMBULANCIA | J56: UTIM SALTA | K56: Salta | L56: Toyota Hilux CC 4x4 2.
A57: AG054SG | B57: 2023 | C57: Minería | D57: VICUÑA | E57: Asignado | F57: 2027 | G57: Verificar | H57: Minería 2023 — vence 2027 | I57: AMBULANCIA | J57: UTIM SJ | K57: San Juan | L57: TOYOTA HILUX 4X4 CC DX
A58: AG366IX | B58: 2023 | C58: Minería | D58: VICUÑA | E58: Asignado | F58: 2027 | G58: Verificar | H58: Minería 2023 — vence 2027 | I58: AMBULANCIA | J58: UTIM SJ | K58: San Juan | L58: HILUX 4X4 C/S DX 2.4 T
A59: AF683IU | B59: 2023 | C59: Petróleo | D59: YPF | E59: Asignado | F59: 2032 | G59: Sin acción inmediata | H59: Petróleo 2023 — vence 2032 | I59: AMBULANCIA | J59: UTIM NQN | K59: Neuquén | L59: YX.NUEVA RANGER CS 4X4
A60: AF975MR | B60: 2023 | C60: Petróleo | D60: YPF | E60: Asignado | F60: 2032 | G60: Sin acción inmediata | H60: Petróleo 2023 — vence 2032 | I60: AMBULANCIA | J60: UTIM NQN | K60: Neuquén | L60: TOYOTA HILUX 4X4 CC DX
A61: AF975MS | B61: 2023 | C61: Petróleo | D61: YPF | E61: Asignado | F61: 2032 | G61: Sin acción inmediata | H61: Petróleo 2023 — vence 2032 | I61: AMBULANCIA | J61: UTIM NQN | K61: Neuquén | L61: TOYOTA HILUX 4X4 CC DX
A62: AF975MT | B62: 2023 | C62: Petróleo | D62: YPF | E62: Asignado | F62: 2032 | G62: Sin acción inmediata | H62: Petróleo 2023 — vence 2032 | I62: AMBULANCIA | J62: UTIM NQN | K62: Neuquén | L62: TOYOTA HILUX 4X4 CC DX
... A81: AG894TN | B81: 2024 | C81: Petróleo | D81: VISTA OIL | E81: Asignado | F81: 2030 | G81: Sin acción inmediata | H81: Petróleo 2024 — vence 2030 | I81: AMBULANCIA | J81: UTIM NQN | K81: Neuquén | L81: HILUX 4X4 C/S DX 2.4 T
A82: AB310UB | B82: 2017 | C82: Petróleo | D82: UCI | E82: Asignado | F82: — | G82: Sin acción inmediata | H82: Excluido | I82: AMBULANCIA | J82: UTIM NQN | K82: Río Negro | L82: Boxer 350 LH 2.3 HDI C
A83: AH505LJ | B83: 2025 | C83: BackUp | D83: BACK UP GANFENG | E83: Back Up | F83: 2036 | G83: Sin acción inmediata | H83: BackUp 2025 — vence 2036 | I83: AMBULANCIA | J83: UTIM SALTA | K83: Nacional/Pendiente | L83: HILUX 4X4 C/S DX 2.4 T
A84: AH577CH | B84: 2025 | C84: OOD | D84: MATACO | E84: Asignado | F84: 2036 | G84: Sin acción inmediata | H84: OOD 2025 — vence 2036 | I84: AMBULANCIA | J84: UTIM NQN | K84: Buenos Aires | L84: HILUX 4X4 C/S DX 2.4 T
A85: AH505LG | B85: 2025 | C85: Minería | D85: RECAMBIO VICUÑA | E85: Asignado | F85: 2029 | G85: Sin acción inmediata | H85: Minería 2025 — vence 2029 | I85: AMBULANCIA | J85: UTIM SJ | K85: Nacional/Pendiente | L85: HILUX 4X4 C/S DX 2.4 T
A86: AH505LI | B86: 2025 | C86: Minería | D86: RECAMBIO VICUÑA | E86: Asignado | F86: 2029 | G86: Sin acción inmediata | H86: Minería 2025 — vence 2029 | I86: AMBULANCIA | J86: UTIM SJ | K86: Nacional/Pendiente | L86: HILUX 4X4 C/S DX 2.4 T
A87: AH505LK | B87: 2025 | C87: Minería | D87: RECAMBIO VICUÑA | E87: Asignado | F87: 2029 | G87: Sin acción inmediata | H87: Minería 2025 — vence 2029 | I87: AMBULANCIA | J87: UTIM SJ | K87: Nacional/Pendiente | L87: HILUX 4X4 C/S DX 2.4 T
A88: AH505LH | B88: 2025 | C88: Minería | D88: VICUÑA | E88: Asignado | F88: 2029 | G88: Sin acción inmediata | H88: Minería 2025 — vence 2029 | I88: AMBULANCIA | J88: UTIM SJ | K88: San Juan | L88: HILUX 4X4 C/S DX 2.4 T
A89: AH505LL | B89: 2025 | C89: Minería | D89: VICUÑA | E89: Asignado | F89: 2029 | G89: Sin acción inmediata | H89: Minería 2025 — vence 2029 | I89: AMBULANCIA | J89: UTIM SJ | K89: San Juan | L89: HILUX 4X4 C/S DX 2.4 T

Sheet Trailers (MODELO)
A1: Dominio | B1: Tipo | C1: Modelo | D1: Antiguedad_Anios | E1: Costo_Mensual | F1: Disponible
A2: TH001 | B2: Habitacional | C2: Trailer 20 pies Standard | D2: 2 | E2: 85000 | F2: Si
A3: TH002 | B3: Habitacional | C3: Trailer 30 pies Premium | D3: 3 | E3: 95000 | F3: Si
A4: TS001 | B4: Sanitario | C4: Trailer Enfermeria Basico | D4: 1 | E4: 120000 | F4: Si
A5: TH003 | B5: Habitacional | C5: Trailer 20 pies Standard | D5: 4 | E5: 80000 | F5: Si
A6: TS002 | B6: Sanitario | C6: Trailer Consultorio Medico | D6: 2 | E6: 140000 | F6: Si
A7: TH004 | B7: Habitacional | C7: Trailer 25 pies Intermedio | D7: 5 | E7: 75000 | F7: No
A8: TS003 | B8: Sanitario | C8: Trailer Consultorio Premium | D8: 1 | E8: 160000 | F8: Si
A9: TH005 | B9: Habitacional | C9: Trailer 35 pies Grande | D9: 3 | E9: 100000 | F9: Si
A10: TS004 | B10: Sanitario | C10: Trailer Quirofano Movil | D10: 2 | E10: 200000 | F10: Si
A11: TH006 | B11: Habitacional | C11: Trailer 40 pies Doble | D11: 1 | E11: 115000 | F11: Si

Sheet Antigüedad
A1: ANTIGÜEDAD DE FLOTA Y PLAN DE RENOVACIÓN — MARZO 2026
A2: Minería: máx. 3 años · Petróleo: máx. 8 años · Año de referencia: 2026
A4: UTIM — AMBULANCIAS
A5: Dominio | B5: Interno | C5: Región | D5: Cliente | E5: Sector | F5: Año | G5: Antigüedad | H5: Límite (años) | I5: Años restantes | J5: Vencimiento | K5: Estado
A6: AC329GI | B6: 215 | C6: UTIM NQN | D6: DISPONIBLE | E6: Interno/Disponible | F6: 2017 | G6: 9 | H6: — | I6: — | J6: Sin límite | K6: Disponible
A7: AB960ZM | B7: 188 | C7: UTIM NQN | D7: DISPONIBLE | E7: Interno/Disponible | F7: 2017 | G7: 9 | H7: — | I7: — | J7: Sin límite | K7: Disponible
A8: AB960ZO | B8: 190 | C8: UTIM NQN | D8: DISPONIBLE | E8: Interno/Disponible | F8: 2017 | G8: 9 | H8: — | I8: — | J8: Sin límite | K8: Disponible
A9: AB960ZN | B9: 189 | C9: UTIM NQN | D9: DISPONIBLE | E9: Interno/Disponible | F9: 2017 | G9: 9 | H9: — | I9: — | J9: Sin límite | K9: Disponible
A10: AB960ZL | B10: 187 | C10: UTIM NQN | D10: DISPONIBLE | E10: Interno/Disponible | F10: 2017 | G10: 9 | H10: — | I10: — | J10: Sin límite | K10: Disponible
A11: AA989TZ | B11: 174 | C11: UTIM NQN | D11: DISPONIBLE | E11: Interno/Disponible | F11: 2017 | G11: 9 | H11: — | I11: — | J11: Sin límite | K11: Disponible
A12: AB097AV | B12: 181 | C12: UTIM SJ | D12: BACKUP | E12: Interno/Disponible | F12: 2017 | G12: 9 | H12: — | I12: — | J12: Sin límite | K12: Back Up
A13: AB960ZP | B13: 191 | C13: UTIM SALTA | D13: BACKUP | E13: Interno/Disponible | F13: 2017 | G13: 9 | H13: — | I13: — | J13: Sin límite | K13: Back Up
A14: AB310SB | B14: UDEM | C14: UTIM SALTA | D14: BACKUP | E14: Interno/Disponible | F14: 2017 | G14: 9 | H14: — | I14: — | J14: Sin límite | K14: Back Up
A15: AC434SW | B15: 222 | C15: UTIM NQN | D15: DISPONIBLE | E15: Interno/Disponible | F15: 2018 | G15: 8 | H15: — | I15: — | J15: Sin límite | K15: Disponible
A16: AD776VS | B16: 270 | C16: UTIM NQN | D16: DISPONIBLE | E16: Interno/Disponible | F16: 2019 | G16: 7 | H16: — | I16: — | J16: Sin límite | K16: Disponible
A17: AD776VM | B17: 264 | C17: UTIM NQN | D17: DISPONIBLE | E17: Interno/Disponible | F17: 2019 | G17: 7 | H17: — | I17: — | J17: Sin límite | K17: Disponible
... A23: AG387QM | B23: UDEM | C23: UTIM NQN | D23: DISPONIBLE | E23: Interno/Disponible | F23: 2023 | G23: 3 | H23: — | I23: — | J23: Sin límite | K23: Disponible
A24: AD786XB | B24: 276 | C24: UTIM NQN | D24: ACONCAGUA | E24: Minería | F24: 2019 | G24: 7 | H24: 3 | I24: -4 | J24: VENCIDO | K24: Asignado
A25: AD786XD | B25: 278 | C25: UTIM SJ | D25: BACK UP TMT | E25: Minería | F25: 2019 | G25: 7 | H25: 3 | I25: -4 | J25: VENCIDO | K25: Back Up
A26: AD786XM | B26: 284 | C26: UTIM SJ | D26: VICUÑA | E26: Minería | F26: 2019 | G26: 7 | H26: 3 | I26: -4 | J26: VENCIDO | K26: Asignado
A27: AD786XZ | B27: 288 | C27: UTIM SJ | D27: TMT | E27: Minería | F27: 2019 | G27: 7 | H27: 3 | I27: -4 | J27: VENCIDO | K27: Asignado
A28: AD786XJ | B28: 281 | C28: UTIM SALTA | D28: INTHEGRA | E28: Minería | F28: 2019 | G28: 7 | H28: 3 | I28: -4 | J28: VENCIDO | K28: Asignado
A29: AD786XF | B29: 279 | C29: UTIM SALTA | D29: GANFENG | E29: Minería | F29: 2019 | G29: 7 | H29: 3 | I29: -4 | J29: VENCIDO | K29: Asignado
A30: AF552AM | B30: 358 | C30: UTIM SJ | D30: NGEX | E30: Minería | F30: 2022 | G30: 4 | H30: 3 | I30: -1 | J30: VENCIDO | K30: Asignado
A31: AF552AK | B31: 359 | C31: UTIM SJ | D31: VICUÑA | E31: Minería | F31: 2022 | G31: 4 | H31: 3 | I31: -1 | J31: VENCIDO | K31: Asignado
A32: AF552AU | B32: 360 | C32: UTIM SJ | D32: VICUÑA | E32: Minería | F32: 2022 | G32: 4 | H32: 3 | I32: -1 | J32: VENCIDO | K32: Asignado
A33: AF683IT | B33: 369 | C33: UTIM SJ | D33: BACK UP NGX | E33: Minería | F33: 2022 | G33: 4 | H33: 3 | I33: -1 | J33: VENCIDO | K33: Back Up
A34: AF683IW | B34: 372 | C34: UTIM SJ | D34: VICUÑA | E34: Minería | F34: 2022 | G34: 4 | H34: 3 | I34: -1 | J34: VENCIDO | K34: Asignado
A35: AF683IV | B35: 371 | C35: UTIM NQN | D35: CAPEX | E35: Minería | F35: 2023 | G35: 3 | H35: 3 | I35: 0 | J35: VENCIDO | K35: Asignado
... A89: AG894TN | B89: 430 | C89: UTIM NQN | D89: VISTA OIL | E89: Petróleo | F89: 2024 | G89: 2 | H89: 8 | I89: 6 | J89: Vence 2031 | K89: Asignado
A91: LOGÍSTICA
A92: Dominio | B92: Interno | C92: Región | D92: Cliente | E92: Sector | F92: Año | G92: Antigüedad | H92: Límite (años) | I92: Años restantes | J92: Vencimiento | K92: Estado
A93: AB057ZF | B93: 179 | C93: LOGISTICA NQN | D93: ENFERMERIA CHOCON | E93: Interno/Disponible | F93: 2017 | G93: 9 | H93: — | I93: — | J93: Sin límite | K93: Asignado
A94: AC653IS | B94: 224 | C94: LOGISTICA NQN | D94: SUPERVISORES | E94: Interno/Disponible | F94: 2018 | G94: 8 | H94: — | I94: — | J94: Sin límite | K94: Asignado
A95: AD729AW | B95: 262 | C95: LOGISTICA NQN | D95: SUPERVISORES | E95: Interno/Disponible | F95: 2019 | G95: 7 | H95: — | I95: — | J95: Sin límite | K95: Asignado
A96: AD729AX | B96: 263 | C96: LOGISTICA NQN | D96: TRASL PERSONAL CIPH | E96: Interno/Disponible | F96: 2019 | G96: 7 | H96: — | I96: — | J96: Sin límite | K96: Asignado
A97: AD354ON | B97: 219 | C97: LOGISTICA SJ | D97: GERENTE | E97: Interno/Disponible | F97: 2019 | G97: 7 | H97: — | I97: — | J97: Sin límite | K97: Asignado
A98: AE588NM | B98: 431 | C98: LOGISTICA NQN | D98: GERENCIAL | E98: Interno/Disponible | F98: 2021 | G98: 5 | H98: — | I98: — | J98: Sin límite | K98: Asignado
A99: AF683IS | B99: 368 | C99: LOGISTICA NQN | D99: MANTENIMIENTO | E99: Interno/Disponible | F99: 2022 | G99: 4 | H99: — | I99: — | J99: Sin límite | K99: Asignado
A100: AF274BL | B100: 345 | C100: LOGISTICA NQN | D100: SUPERVISORES | E100: Interno/Disponible | F100: 2022 | G100: 4 | H100: — | I100: — | J100: Sin límite | K100: Asignado
A101: AF403BD | B101: 354 | C101: LOGISTICA NQN | D101: TRASL PERSONAL | E101: Interno/Disponible | F101: 2022 | G101: 4 | H101: — | I101: — | J101: Sin límite | K101: Asignado
A102: AF552AW | B102: 362 | C102: LOGISTICA NQN | D102: GERENCIAL | E102: Interno/Disponible | F102: 2022 | G102: 4 | H102: — | I102: — | J102: Sin límite | K102: Asignado
A103: AF683IR | B103: 367 | C103: LOGISTICA NQN | D103: MANTENIMIENTO | E103: Interno/Disponible | F103: 2022 | G103: 4 | H103: — | I103: — | J103: Sin límite | K103: Asignado
A104: AF403BC | B104: 353 | C104: LOGISTICA SJ | D104: BACK UP LOGISTICA | E104: Interno/Disponible | F104: 2022 | G104: 4 | H104: — | I104: — | J104: Sin límite | K104: Back Up
... A116: AH433WC | B116: 436 | C116: LOGISTICA SALTA | D116: TRANS PERSONAL | E116: Interno/Disponible | F116: 2025 | G116: 1 | H116: — | I116: — | J116: Sin límite | K116: Asignado
A117: AC329GK | B117: 216 | C117: LOGISTICA NQN | D117: TRASL PERSONAL CAPEX | E117: Minería | F117: 2017 | G117: 9 | H117: 3 | I117: -6 | J117: VENCIDO | K117: Asignado
A118: AF457LL | B118: 355 | C118: LOGISTICA SJ | D118: VICUÑA | E118: Minería | F118: 2022 | G118: 4 | H118: 3 | I118: -1 | J118: VENCIDO | K118: Asignado
A119: AF274BQ | B119: 346 | C119: LOGISTICA SJ | D119: VICUÑA | E119: Minería | F119: 2022 | G119: 4 | H119: 3 | I119: -1 | J119: VENCIDO | K119: Asignado
A120: AF977XT | B120: 385 | C120: LOGISTICA SJ | D120: NGEX | E120: Minería | F120: 2023 | G120: 3 | H120: 3 | I120: 0 | J120: VENCIDO | K120: Asignado
A122: RESUMEN EJECUTIVO — NECESIDADES DE RENOVACIÓN POR AÑO
A123: Flota / Sector | B123: 2026 | C123: 2027 | D123: 2028 | E123: 2029 | F123: 2030 | G123: 2031 | H123: 2032 | I123: 2033 | J123: Ya vencidos | K123: TOTAL
A124: UTIM — Minería | B124: 5 | C124: 8 | D124: 7 | E124: — | F124: — | G124: — | H124: — | I124: — | J124: 11 | K124: 31
A125: UTIM — Petróleo | B125: 1 | C125: 14 | D125: — | E125: — | F125: — | G125: 11 | H125: 6 | I125: — | J125: 3 | K125: 35
A126: UTIM — Interno/Disponible | B126: — | C126: — | D126: — | E126: — | F126: — | G126: — | H126: — | I126: — | J126: — | K126: 18
A128: Logística — Minería | B128: 1 | C128: — | D128: — | E128: — | F128: — | G128: — | H128: — | I128: — | J128: 3 | K128: 4
A129: Logística — Interno/Disponible | B129: — | C129: — | D129: — | E129: — | F129: — | G129: — | H129: — | I129: — | J129: — | K129: 24
A132: LEYENDA: | E132: VENCIDO | F132: Vence 2026 | G132: Vence 2027 | H132: OK / sin límite

Sheet Plan Renovación
A1: PLAN DE RENOVACIÓN DE FLOTA — AÑO DE REPOSICIÓN REQUERIDO
A2: Minería - Vicuña: 3 años · Minería - Otros: 5 años · Petróleo: 8 años · Año de reposición = último año habilitado + 1
A4: UTIM — AMBULANCIAS | O4: Año | P4: Minería - Vicuña | Q4: Minería - Otros | R4: Petróleo | T4: Año | U4: Minería - Vicuña | V4: Minería - Otros | W4: Petróleo
A5: Sector | B5: 2023 | C5: 2024 | D5: 2025 | E5: 2026 | F5: 2027 | G5: 2028 | H5: 2029 | I5: 2030 | J5: 2031 | K5: 2032 | L5: 2033 | M5: TOTAL | O5: 2023 | P5: 1 | Q5: 0 | R5: 0 | T5: 2023 | U5: 1 | V5: 1 | W5: 0
A6: Minería - Vicuña | B6: 1 | C6: — | D6: — | E6: 3 | F6: 2 | G6: 6 | H6: 5 | I6: — | J6: — | K6: — | L6: — | M6: 17 | O6: 2024 | P6: 0 | Q6: 0 | R6: 0 | T6: 2024 | U6: 0 | V6: 0 | W6: 0
A7: Minería - Otros | B7: — | C7: — | D7: 5 | E7: — | F7: — | G7: 2 | H7: 3 | I7: 2 | J7: 2 | K7: — | L7: — | M7: 14 | O7: 2025 | P7: 0 | Q7: 5 | R7: 0 | T7: 2025 | U7: 0 | V7: 5 | W7: 0
A8: Petróleo | B8: — | C8: — | D8: — | E8: 3 | F8: 1 | G8: 14 | H8: — | I8: — | J8: — | K8: 11 | L8: 6 | M8: 35 | O8: 2026 | P8: 3 | Q8: 0 | R8: 3 | T8: 2026 | U8: 5 | V8: 0 | W8: 3
A9: TOTAL UTIM | B9: 1 | C9: — | D9: 5 | E9: 6 | F9: 3 | G9: 22 | H9: 8 | I9: 2 | J9: 2 | K9: 11 | L9: 6 | M9: 66 | O9: 2027 | P9: 2 | Q9: 0 | R9: 1 | T9: 2027 | U9: 2 | V9: 0 | W9: 1
O10: 2028 | P10: 6 | Q10: 2 | R10: 14 | T10: 2028 | U10: 6 | V10: 2 | W10: 14
A11: LOGÍSTICA | O11: 2029 | P11: 5 | Q11: 3 | R11: 0 | T11: 2029 | U11: 5 | V11: 4 | W11: 0
A12: Sector | B12: 2023 | C12: 2024 | D12: 2025 | E12: 2026 | F12: 2027 | G12: 2028 | H12: 2029 | I12: 2030 | J12: 2031 | K12: 2032 | L12: 2033 | M12: TOTAL | O12: 2030 | P12: 0 | Q12: 2 | R12: 0 | T12: 2030 | U12: 0 | V12: 2 | W12: 0
A13: Minería - Vicuña | B13: — | C13: — | D13: — | E13: 2 | F13: — | G13: — | H13: — | I13: — | J13: — | K13: — | L13: — | M13: 2 | O13: 2031 | P13: 0 | Q13: 2 | R13: 0 | T13: 2031 | U13: 0 | V13: 2 | W13: 0
A14: Minería - Otros | B14: 1 | C14: — | D14: — | E14: — | F14: — | G14: — | H14: 1 | I14: — | J14: — | K14: — | L14: — | M14: 2 | O14: 2032 | P14: 0 | Q14: 0 | R14: 11 | T14: 2032 | U14: 0 | V14: 0 | W14: 11
A15: Petróleo | B15: — | C15: — | D15: — | E15: — | F15: — | G15: — | H15: — | I15: — | J15: — | K15: — | L15: — | M15: 0 | O15: 2033 | P15: 0 | Q15: 0 | R15: 6 | T15: 2033 | U15: 0 | V15: 0 | W15: 6
A16: TOTAL Logística | B16: 1 | C16: — | D16: — | E16: 2 | F16: — | G16: — | H16: 1 | I16: — | J16: — | K16: — | L16: — | M16: 4
A18: TOTAL GENERAL | B18: 2 | C18: — | D18: 5 | E18: 8 | F18: 3 | G18: 22 | H18: 9 | I18: 2 | J18: 2 | K18: 11 | L18: 6 | M18: 70

Sheet Detalle Renovación
A1: DETALLE — MÓVILES CON LÍMITE DE ANTIGÜEDAD (ordenados por año de reposición)
A2: Flota | B2: Dominio | C2: Interno | D2: Región | E2: Cliente | F2: Sector | G2: Año Pat. | H2: Límite | I2: Último año | J2: Año Reposición
A3: Logística | B3: AC329GK | C3: 216 | D3: LOGISTICA NQN | E3: TRASL PERSONAL CAPEX | F3: Minería - Otros | G3: 2017 | H3: 5 | I3: 2022 | J3: 2023
A4: UTIM | B4: AD786XM | C4: 284 | D4: UTIM SJ | E4: VICUÑA | F4: Minería - Vicuña | G4: 2019 | H4: 3 | I4: 2022 | J4: 2023
A5: UTIM | B5: AD786XB | C5: 276 | D5: UTIM NQN | E5: ACONCAGUA | F5: Minería - Otros | G5: 2019 | H5: 5 | I5: 2024 | J5: 2025
A6: UTIM | B6: AD786XD | C6: 278 | D6: UTIM SJ | E6: BACK UP TMT | F6: Minería - Otros | G6: 2019 | H6: 5 | I6: 2024 | J6: 2025
A7: UTIM | B7: AD786XZ | C7: 288 | D7: UTIM SJ | E7: TMT | F7: Minería - Otros | G7: 2019 | H7: 5 | I7: 2024 | J7: 2025
A8: UTIM | B8: AD786XJ | C8: 281 | D8: UTIM SALTA | E8: INTHEGRA | F8: Minería - Otros | G8: 2019 | H8: 5 | I8: 2024 | J8: 2025
A9: UTIM | B9: AD786XF | C9: 279 | D9: UTIM SALTA | E9: GANFENG | F9: Minería - Otros | G9: 2019 | H9: 5 | I9: 2024 | J9: 2025
A10: Logística | B10: AF457LL | C10: 355 | D10: LOGISTICA SJ | E10: VICUÑA | F10: Minería - Vicuña | G10: 2022 | H10: 3 | I10: 2025 | J10: 2026
A11: Logística | B11: AF274BQ | C11: 346 | D11: LOGISTICA SJ | E11: VICUÑA | F11: Minería - Vicuña | G11: 2022 | H11: 3 | I11: 2025 | J11: 2026
A12: UTIM | B12: AF552AK | C12: 359 | D12: UTIM SJ | E12: VICUÑA | F12: Minería - Vicuña | G12: 2022 | H12: 3 | I12: 2025 | J12: 2026
A13: UTIM | B13: AF552AU | C13: 360 | D13: UTIM SJ | E13: VICUÑA | F13: Minería - Vicuña | G13: 2022 | H13: 3 | I13: 2025 | J13: 2026
A14: UTIM | B14: AF683IW | C14: 372 | D14: UTIM SJ | E14: VICUÑA | F14: Minería - Vicuña | G14: 2022 | H14: 3 | I14: 2025 | J14: 2026
... A72: UTIM | B72: AG894TN | C72: 430 | D72: UTIM NQN | E72: VISTA OIL | F72: Petróleo | G72: 2024 | H72: 8 | I72: 2032 | J72: 2033
A74: LEYENDA → | B74: Vencido / vence 2026 | C74: Vence 2027 | D74: Vence 2028 | E74: 2029 en adelante

Sheet Datos Gráficos
A1: DATOS PARA GRÁFICOS — no modificar
A2: SIN OPTIMIZACIÓN
A3: Año | B3: Minería | C3: O&G | D3: BackUp/Disp/OOD | E3: Total
A4: 2024 | B4: =COUNTIFS(Datos!$R$3:$R$111,2024,Datos!$B$3:$B$111,"Minería",Datos!$O$3:$O$111,"UTIM") -> 0 | C4: =COUNTIFS(Datos!$R$3:$R$111,2024,Datos!$B$3:$B$111,"Petróleo",Datos!$O$3:$O$111,"UTIM") -> 0 | D4: =COUNTIFS(Datos!$R$3:$R$111,2024,Datos!$B$3:$B$111,"BackUp",Datos!$O$3:$O$111,"UTIM")+COUNTIFS(Datos!$R$3:$R$111,2024,Datos!$B$3:$B$111,"Disponible",Datos!$O$3:$O$111,"UTIM")+COUNTIFS(Datos!$R$3:$R$111,2024,Datos!$B$3:$B$111,"OOD",Datos!$O$3:$O$111,"UTIM") -> 0 | E4: =B4+C4+D4 -> 0
A5: 2025 | B5: =COUNTIFS(Datos!$R$3:$R$111,2025,Datos!$B$3:$B$111,"Minería",Datos!$O$3:$O$111,"UTIM") -> 0 | C5: =COUNTIFS(Datos!$R$3:$R$111,2025,Datos!$B$3:$B$111,"Petróleo",Datos!$O$3:$O$111,"UTIM") -> 1 | D5: =COUNTIFS(Datos!$R$3:$R$111,2025,Datos!$B$3:$B$111,"BackUp",Datos!$O$3:$O$111,"UTIM")+COUNTIFS(Datos!$R$3:$R$111,2025,Datos!$B$3:$B$111,"Disponible",Datos!$O$3:$O$111,"UTIM")+COUNTIFS(Datos!$R$3:$R$111,2025,Datos!$B$3:$B$111,"OOD",Datos!$O$3:$O$111,"UTIM") -> 0 | E5: =B5+C5+D5 -> 1
A6: 2026 | B6: =COUNTIFS(Datos!$R$3:$R$111,2026,Datos!$B$3:$B$111,"Minería",Datos!$O$3:$O$111,"UTIM") -> 6 | C6: =COUNTIFS(Datos!$R$3:$R$111,2026,Datos!$B$3:$B$111,"Petróleo",Datos!$O$3:$O$111,"UTIM") -> 1 | D6: =COUNTIFS(Datos!$R$3:$R$111,2026,Datos!$B$3:$B$111,"BackUp",Datos!$O$3:$O$111,"UTIM")+COUNTIFS(Datos!$R$3:$R$111,2026,Datos!$B$3:$B$111,"Disponible",Datos!$O$3:$O$111,"UTIM")+COUNTIFS(Datos!$R$3:$R$111,2026,Datos!$B$3:$B$111,"OOD",Datos!$O$3:$O$111,"UTIM") -> 0 | E6: =B6+C6+D6 -> 7
A7: 2027 | B7: =COUNTIFS(Datos!$R$3:$R$111,2027,Datos!$B$3:$B$111,"Minería",Datos!$O$3:$O$111,"UTIM") -> 4 | C7: =COUNTIFS(Datos!$R$3:$R$111,2027,Datos!$B$3:$B$111,"Petróleo",Datos!$O$3:$O$111,"UTIM") -> 1 | D7: =COUNTIFS(Datos!$R$3:$R$111,2027,Datos!$B$3:$B$111,"BackUp",Datos!$O$3:$O$111,"UTIM")+COUNTIFS(Datos!$R$3:$R$111,2027,Datos!$B$3:$B$111,"Disponible",Datos!$O$3:$O$111,"UTIM")+COUNTIFS(Datos!$R$3:$R$111,2027,Datos!$B$3:$B$111,"OOD",Datos!$O$3:$O$111,"UTIM") -> 0 | E7: =B7+C7+D7 -> 5
A8: 2028 | B8: =COUNTIFS(Datos!$R$3:$R$111,2028,Datos!$B$3:$B$111,"Minería",Datos!$O$3:$O$111,"UTIM") -> 7 | C8: =COUNTIFS(Datos!$R$3:$R$111,2028,Datos!$B$3:$B$111,"Petróleo",Datos!$O$3:$O$111,"UTIM") -> 14 | D8: =COUNTIFS(Datos!$R$3:$R$111,2028,Datos!$B$3:$B$111,"BackUp",Datos!$O$3:$O$111,"UTIM")+COUNTIFS(Datos!$R$3:$R$111,2028,Datos!$B$3:$B$111,"Disponible",Datos!$O$3:$O$111,"UTIM")+COUNTIFS(Datos!$R$3:$R$111,2028,Datos!$B$3:$B$111,"OOD",Datos!$O$3:$O$111,"UTIM") -> 8 | E8: =B8+C8+D8 -> 29
A9: 2029 | B9: =COUNTIFS(Datos!$R$3:$R$111,2029,Datos!$B$3:$B$111,"Minería",Datos!$O$3:$O$111,"UTIM") -> 6 | C9: =COUNTIFS(Datos!$R$3:$R$111,2029,Datos!$B$3:$B$111,"Petróleo",Datos!$O$3:$O$111,"UTIM") -> 0 | D9: =COUNTIFS(Datos!$R$3:$R$111,2029,Datos!$B$3:$B$111,"BackUp",Datos!$O$3:$O$111,"UTIM")+COUNTIFS(Datos!$R$3:$R$111,2029,Datos!$B$3:$B$111,"Disponible",Datos!$O$3:$O$111,"UTIM")+COUNTIFS(Datos!$R$3:$R$111,2029,Datos!$B$3:$B$111,"OOD",Datos!$O$3:$O$111,"UTIM") -> 1 | E9: =B9+C9+D9 -> 7
A10: 2030 | B10: =COUNTIFS(Datos!$R$3:$R$111,2030,Datos!$B$3:$B$111,"Minería",Datos!$O$3:$O$111,"UTIM") -> 0 | C10: =COUNTIFS(Datos!$R$3:$R$111,2030,Datos!$B$3:$B$111,"Petróleo",Datos!$O$3:$O$111,"UTIM") -> 3 | D10: =COUNTIFS(Datos!$R$3:$R$111,2030,Datos!$B$3:$B$111,"BackUp",Datos!$O$3:$O$111,"UTIM")+COUNTIFS(Datos!$R$3:$R$111,2030,Datos!$B$3:$B$111,"Disponible",Datos!$O$3:$O$111,"UTIM")+COUNTIFS(Datos!$R$3:$R$111,2030,Datos!$B$3:$B$111,"OOD",Datos!$O$3:$O$111,"UTIM") -> 3 | E10: =B10+C10+D10 -> 6
A11: 2031 | B11: =COUNTIFS(Datos!$R$3:$R$111,2031,Datos!$B$3:$B$111,"Minería",Datos!$O$3:$O$111,"UTIM") -> 0 | C11: =COUNTIFS(Datos!$R$3:$R$111,2031,Datos!$B$3:$B$111,"Petróleo",Datos!$O$3:$O$111,"UTIM") -> 0 | D11: =COUNTIFS(Datos!$R$3:$R$111,2031,Datos!$B$3:$B$111,"BackUp",Datos!$O$3:$O$111,"UTIM")+COUNTIFS(Datos!$R$3:$R$111,2031,Datos!$B$3:$B$111,"Disponible",Datos!$O$3:$O$111,"UTIM")+COUNTIFS(Datos!$R$3:$R$111,2031,Datos!$B$3:$B$111,"OOD",Datos!$O$3:$O$111,"UTIM") -> 0 | E11: =B11+C11+D11 -> 0
A12: 2032 | B12: =COUNTIFS(Datos!$R$3:$R$111,2032,Datos!$B$3:$B$111,"Minería",Datos!$O$3:$O$111,"UTIM") -> 0 | C12: =COUNTIFS(Datos!$R$3:$R$111,2032,Datos!$B$3:$B$111,"Petróleo",Datos!$O$3:$O$111,"UTIM") -> 12 | D12: =COUNTIFS(Datos!$R$3:$R$111,2032,Datos!$B$3:$B$111,"BackUp",Datos!$O$3:$O$111,"UTIM")+COUNTIFS(Datos!$R$3:$R$111,2032,Datos!$B$3:$B$111,"Disponible",Datos!$O$3:$O$111,"UTIM")+COUNTIFS(Datos!$R$3:$R$111,2032,Datos!$B$3:$B$111,"OOD",Datos!$O$3:$O$111,"UTIM") -> 0 | E12: =B12+C12+D12 -> 12
A13: 2033 | B13: =COUNTIFS(Datos!$R$3:$R$111,2033,Datos!$B$3:$B$111,"Minería",Datos!$O$3:$O$111,"UTIM") -> 0 | C13: =COUNTIFS(Datos!$R$3:$R$111,2033,Datos!$B$3:$B$111,"Petróleo",Datos!$O$3:$O$111,"UTIM") -> 3 | D13: =COUNTIFS(Datos!$R$3:$R$111,2033,Datos!$B$3:$B$111,"BackUp",Datos!$O$3:$O$111,"UTIM")+COUNTIFS(Datos!$R$3:$R$111,2033,Datos!$B$3:$B$111,"Disponible",Datos!$O$3:$O$111,"UTIM")+COUNTIFS(Datos!$R$3:$R$111,2033,Datos!$B$3:$B$111,"OOD",Datos!$O$3:$O$111,"UTIM") -> 1 | E13: =B13+C13+D13 -> 4
A14: 2034 | B14: =COUNTIFS(Datos!$R$3:$R$111,2034,Datos!$B$3:$B$111,"Minería",Datos!$O$3:$O$111,"UTIM") -> 0 | C14: =COUNTIFS(Datos!$R$3:$R$111,2034,Datos!$B$3:$B$111,"Petróleo",Datos!$O$3:$O$111,"UTIM") -> 0 | D14: =COUNTIFS(Datos!$R$3:$R$111,2034,Datos!$B$3:$B$111,"BackUp",Datos!$O$3:$O$111,"UTIM")+COUNTIFS(Datos!$R$3:$R$111,2034,Datos!$B$3:$B$111,"Disponible",Datos!$O$3:$O$111,"UTIM")+COUNTIFS(Datos!$R$3:$R$111,2034,Datos!$B$3:$B$111,"OOD",Datos!$O$3:$O$111,"UTIM") -> 1 | E14: =B14+C14+D14 -> 1
A15: 2035 | B15: =COUNTIFS(Datos!$R$3:$R$111,2035,Datos!$B$3:$B$111,"Minería",Datos!$O$3:$O$111,"UTIM") -> 0 | C15: =COUNTIFS(Datos!$R$3:$R$111,2035,Datos!$B$3:$B$111,"Petróleo",Datos!$O$3:$O$111,"UTIM") -> 0 | D15: =COUNTIFS(Datos!$R$3:$R$111,2035,Datos!$B$3:$B$111,"BackUp",Datos!$O$3:$O$111,"UTIM")+COUNTIFS(Datos!$R$3:$R$111,2035,Datos!$B$3:$B$111,"Disponible",Datos!$O$3:$O$111,"UTIM")+COUNTIFS(Datos!$R$3:$R$111,2035,Datos!$B$3:$B$111,"OOD",Datos!$O$3:$O$111,"UTIM") -> 1 | E15: =B15+C15+D15 -> 1
A16: CON OPTIMIZACIÓN
A17: Año | B17: Minería | C17: O&G | D17: BackUp/Disp/OOD | E17: Total
A18: 2024 | B18: =COUNTIFS(Datos!$S$3:$S$111,2024,Datos!$B$3:$B$111,"Minería",Datos!$O$3:$O$111,"UTIM") -> 0 | C18: =COUNTIFS(Datos!$S$3:$S$111,2024,Datos!$B$3:$B$111,"Petróleo",Datos!$O$3:$O$111,"UTIM") -> 0 | D18: =COUNTIFS(Datos!$S$3:$S$111,2024,Datos!$B$3:$B$111,"BackUp",Datos!$O$3:$O$111,"UTIM")+COUNTIFS(Datos!$S$3:$S$111,2024,Datos!$B$3:$B$111,"Disponible",Datos!$O$3:$O$111,"UTIM")+COUNTIFS(Datos!$S$3:$S$111,2024,Datos!$B$3:$B$111,"OOD",Datos!$O$3:$O$111,"UTIM") -> 0 | E18: =B18+C18+D18 -> 0
A19: 2025 | B19: =COUNTIFS(Datos!$S$3:$S$111,2025,Datos!$B$3:$B$111,"Minería",Datos!$O$3:$O$111,"UTIM") -> 0 | C19: =COUNTIFS(Datos!$S$3:$S$111,2025,Datos!$B$3:$B$111,"Petróleo",Datos!$O$3:$O$111,"UTIM") -> 1 | D19: =COUNTIFS(Datos!$S$3:$S$111,2025,Datos!$B$3:$B$111,"BackUp",Datos!$O$3:$O$111,"UTIM")+COUNTIFS(Datos!$S$3:$S$111,2025,Datos!$B$3:$B$111,"Disponible",Datos!$O$3:$O$111,"UTIM")+COUNTIFS(Datos!$S$3:$S$111,2025,Datos!$B$3:$B$111,"OOD",Datos!$O$3:$O$111,"UTIM") -> 0 | E19: =B19+C19+D19 -> 1
A20: 2026 | B20: =COUNTIFS(Datos!$S$3:$S$111,2026,Datos!$B$3:$B$111,"Minería",Datos!$O$3:$O$111,"UTIM") -> 0 | C20: =COUNTIFS(Datos!$S$3:$S$111,2026,Datos!$B$3:$B$111,"Petróleo",Datos!$O$3:$O$111,"UTIM") -> 1 | D20: =COUNTIFS(Datos!$S$3:$S$111,2026,Datos!$B$3:$B$111,"BackUp",Datos!$O$3:$O$111,"UTIM")+COUNTIFS(Datos!$S$3:$S$111,2026,Datos!$B$3:$B$111,"Disponible",Datos!$O$3:$O$111,"UTIM")+COUNTIFS(Datos!$S$3:$S$111,2026,Datos!$B$3:$B$111,"OOD",Datos!$O$3:$O$111,"UTIM") -> 0 | E20: =B20+C20+D20 -> 1
A21: 2027 | B21: =COUNTIFS(Datos!$S$3:$S$111,2027,Datos!$B$3:$B$111,"Minería",Datos!$O$3:$O$111,"UTIM") -> 0 | C21: =COUNTIFS(Datos!$S$3:$S$111,2027,Datos!$B$3:$B$111,"Petróleo",Datos!$O$3:$O$111,"UTIM") -> 1 | D21: =COUNTIFS(Datos!$S$3:$S$111,2027,Datos!$B$3:$B$111,"BackUp",Datos!$O$3:$O$111,"UTIM")+COUNTIFS(Datos!$S$3:$S$111,2027,Datos!$B$3:$B$111,"Disponible",Datos!$O$3:$O$111,"UTIM")+COUNTIFS(Datos!$S$3:$S$111,2027,Datos!$B$3:$B$111,"OOD",Datos!$O$3:$O$111,"UTIM") -> 0 | E21: =B21+C21+D21 -> 1
A22: 2028 | B22: =COUNTIFS(Datos!$S$3:$S$111,2028,Datos!$B$3:$B$111,"Minería",Datos!$O$3:$O$111,"UTIM") -> 4 | C22: =COUNTIFS(Datos!$S$3:$S$111,2028,Datos!$B$3:$B$111,"Petróleo",Datos!$O$3:$O$111,"UTIM") -> 14 | D22: =COUNTIFS(Datos!$S$3:$S$111,2028,Datos!$B$3:$B$111,"BackUp",Datos!$O$3:$O$111,"UTIM")+COUNTIFS(Datos!$S$3:$S$111,2028,Datos!$B$3:$B$111,"Disponible",Datos!$O$3:$O$111,"UTIM")+COUNTIFS(Datos!$S$3:$S$111,2028,Datos!$B$3:$B$111,"OOD",Datos!$O$3:$O$111,"UTIM") -> 8 | E22: =B22+C22+D22 -> 26
A23: 2029 | B23: =COUNTIFS(Datos!$S$3:$S$111,2029,Datos!$B$3:$B$111,"Minería",Datos!$O$3:$O$111,"UTIM") -> 0 | C23: =COUNTIFS(Datos!$S$3:$S$111,2029,Datos!$B$3:$B$111,"Petróleo",Datos!$O$3:$O$111,"UTIM") -> 0 | D23: =COUNTIFS(Datos!$S$3:$S$111,2029,Datos!$B$3:$B$111,"BackUp",Datos!$O$3:$O$111,"UTIM")+COUNTIFS(Datos!$S$3:$S$111,2029,Datos!$B$3:$B$111,"Disponible",Datos!$O$3:$O$111,"UTIM")+COUNTIFS(Datos!$S$3:$S$111,2029,Datos!$B$3:$B$111,"OOD",Datos!$O$3:$O$111,"UTIM") -> 1 | E23: =B23+C23+D23 -> 1
A24: 2030 | B24: =COUNTIFS(Datos!$S$3:$S$111,2030,Datos!$B$3:$B$111,"Minería",Datos!$O$3:$O$111,"UTIM") -> 0 | C24: =COUNTIFS(Datos!$S$3:$S$111,2030,Datos!$B$3:$B$111,"Petróleo",Datos!$O$3:$O$111,"UTIM") -> 3 | D24: =COUNTIFS(Datos!$S$3:$S$111,2030,Datos!$B$3:$B$111,"BackUp",Datos!$O$3:$O$111,"UTIM")+COUNTIFS(Datos!$S$3:$S$111,2030,Datos!$B$3:$B$111,"Disponible",Datos!$O$3:$O$111,"UTIM")+COUNTIFS(Datos!$S$3:$S$111,2030,Datos!$B$3:$B$111,"OOD",Datos!$O$3:$O$111,"UTIM") -> 3 | E24: =B24+C24+D24 -> 6
A25: 2031 | B25: =COUNTIFS(Datos!$S$3:$S$111,2031,Datos!$B$3:$B$111,"Minería",Datos!$O$3:$O$111,"UTIM") -> 6 | C25: =COUNTIFS(Datos!$S$3:$S$111,2031,Datos!$B$3:$B$111,"Petróleo",Datos!$O$3:$O$111,"UTIM") -> 0 | D25: =COUNTIFS(Datos!$S$3:$S$111,2031,Datos!$B$3:$B$111,"BackUp",Datos!$O$3:$O$111,"UTIM")+COUNTIFS(Datos!$S$3:$S$111,2031,Datos!$B$3:$B$111,"Disponible",Datos!$O$3:$O$111,"UTIM")+COUNTIFS(Datos!$S$3:$S$111,2031,Datos!$B$3:$B$111,"OOD",Datos!$O$3:$O$111,"UTIM") -> 0 | E25: =B25+C25+D25 -> 6
A26: 2032 | B26: =COUNTIFS(Datos!$S$3:$S$111,2032,Datos!$B$3:$B$111,"Minería",Datos!$O$3:$O$111,"UTIM") -> 4 | C26: =COUNTIFS(Datos!$S$3:$S$111,2032,Datos!$B$3:$B$111,"Petróleo",Datos!$O$3:$O$111,"UTIM") -> 12 | D26: =COUNTIFS(Datos!$S$3:$S$111,2032,Datos!$B$3:$B$111,"BackUp",Datos!$O$3:$O$111,"UTIM")+COUNTIFS(Datos!$S$3:$S$111,2032,Datos!$B$3:$B$111,"Disponible",Datos!$O$3:$O$111,"UTIM")+COUNTIFS(Datos!$S$3:$S$111,2032,Datos!$B$3:$B$111,"OOD",Datos!$O$3:$O$111,"UTIM") -> 0 | E26: =B26+C26+D26 -> 16
A27: 2033 | B27: =COUNTIFS(Datos!$S$3:$S$111,2033,Datos!$B$3:$B$111,"Minería",Datos!$O$3:$O$111,"UTIM") -> 7 | C27: =COUNTIFS(Datos!$S$3:$S$111,2033,Datos!$B$3:$B$111,"Petróleo",Datos!$O$3:$O$111,"UTIM") -> 3 | D27: =COUNTIFS(Datos!$S$3:$S$111,2033,Datos!$B$3:$B$111,"BackUp",Datos!$O$3:$O$111,"UTIM")+COUNTIFS(Datos!$S$3:$S$111,2033,Datos!$B$3:$B$111,"Disponible",Datos!$O$3:$O$111,"UTIM")+COUNTIFS(Datos!$S$3:$S$111,2033,Datos!$B$3:$B$111,"OOD",Datos!$O$3:$O$111,"UTIM") -> 1 | E27: =B27+C27+D27 -> 11
A28: 2034 | B28: =COUNTIFS(Datos!$S$3:$S$111,2034,Datos!$B$3:$B$111,"Minería",Datos!$O$3:$O$111,"UTIM") -> 6 | C28: =COUNTIFS(Datos!$S$3:$S$111,2034,Datos!$B$3:$B$111,"Petróleo",Datos!$O$3:$O$111,"UTIM") -> 0 | D28: =COUNTIFS(Datos!$S$3:$S$111,2034,Datos!$B$3:$B$111,"BackUp",Datos!$O$3:$O$111,"UTIM")+COUNTIFS(Datos!$S$3:$S$111,2034,Datos!$B$3:$B$111,"Disponible",Datos!$O$3:$O$111,"UTIM")+COUNTIFS(Datos!$S$3:$S$111,2034,Datos!$B$3:$B$111,"OOD",Datos!$O$3:$O$111,"UTIM") -> 1 | E28: =B28+C28+D28 -> 7
A29: 2035 | B29: =COUNTIFS(Datos!$S$3:$S$111,2035,Datos!$B$3:$B$111,"Minería",Datos!$O$3:$O$111,"UTIM") -> 0 | C29: =COUNTIFS(Datos!$S$3:$S$111,2035,Datos!$B$3:$B$111,"Petróleo",Datos!$O$3:$O$111,"UTIM") -> 0 | D29: =COUNTIFS(Datos!$S$3:$S$111,2035,Datos!$B$3:$B$111,"BackUp",Datos!$O$3:$O$111,"UTIM")+COUNTIFS(Datos!$S$3:$S$111,2035,Datos!$B$3:$B$111,"Disponible",Datos!$O$3:$O$111,"UTIM")+COUNTIFS(Datos!$S$3:$S$111,2035,Datos!$B$3:$B$111,"OOD",Datos!$O$3:$O$111,"UTIM") -> 1 | E29: =B29+C29+D29 -> 1
A30: COMPARACIÓN
A31: Año | B31: Sin Opt. | C31: Con Opt.
A32: 2024 | B32: =COUNTIFS(Datos!$R$3:$R$111,2024,Datos!$O$3:$O$111,"UTIM") -> 0 | C32: =COUNTIFS(Datos!$S$3:$S$111,2024,Datos!$O$3:$O$111,"UTIM") -> 0
A33: 2025 | B33: =COUNTIFS(Datos!$R$3:$R$111,2025,Datos!$O$3:$O$111,"UTIM") -> 1 | C33: =COUNTIFS(Datos!$S$3:$S$111,2025,Datos!$O$3:$O$111,"UTIM") -> 1
A34: 2026 | B34: =COUNTIFS(Datos!$R$3:$R$111,2026,Datos!$O$3:$O$111,"UTIM") -> 7 | C34: =COUNTIFS(Datos!$S$3:$S$111,2026,Datos!$O$3:$O$111,"UTIM") -> 1
A35: 2027 | B35: =COUNTIFS(Datos!$R$3:$R$111,2027,Datos!$O$3:$O$111,"UTIM") -> 5 | C35: =COUNTIFS(Datos!$S$3:$S$111,2027,Datos!$O$3:$O$111,"UTIM") -> 1
A36: 2028 | B36: =COUNTIFS(Datos!$R$3:$R$111,2028,Datos!$O$3:$O$111,"UTIM") -> 29 | C36: =COUNTIFS(Datos!$S$3:$S$111,2028,Datos!$O$3:$O$111,"UTIM") -> 26
A37: 2029 | B37: =COUNTIFS(Datos!$R$3:$R$111,2029,Datos!$O$3:$O$111,"UTIM") -> 7 | C37: =COUNTIFS(Datos!$S$3:$S$111,2029,Datos!$O$3:$O$111,"UTIM") -> 1
A38: 2030 | B38: =COUNTIFS(Datos!$R$3:$R$111,2030,Datos!$O$3:$O$111,"UTIM") -> 6 | C38: =COUNTIFS(Datos!$S$3:$S$111,2030,Datos!$O$3:$O$111,"UTIM") -> 6
A39: 2031 | B39: =COUNTIFS(Datos!$R$3:$R$111,2031,Datos!$O$3:$O$111,"UTIM") -> 0 | C39: =COUNTIFS(Datos!$S$3:$S$111,2031,Datos!$O$3:$O$111,"UTIM") -> 6
A40: 2032 | B40: =COUNTIFS(Datos!$R$3:$R$111,2032,Datos!$O$3:$O$111,"UTIM") -> 12 | C40: =COUNTIFS(Datos!$S$3:$S$111,2032,Datos!$O$3:$O$111,"UTIM") -> 16
A41: 2033 | B41: =COUNTIFS(Datos!$R$3:$R$111,2033,Datos!$O$3:$O$111,"UTIM") -> 4 | C41: =COUNTIFS(Datos!$S$3:$S$111,2033,Datos!$O$3:$O$111,"UTIM") -> 11
A42: 2034 | B42: =COUNTIFS(Datos!$R$3:$R$111,2034,Datos!$O$3:$O$111,"UTIM") -> 1 | C42: =COUNTIFS(Datos!$S$3:$S$111,2034,Datos!$O$3:$O$111,"UTIM") -> 7
A43: 2035 | B43: =COUNTIFS(Datos!$R$3:$R$111,2035,Datos!$O$3:$O$111,"UTIM") -> 1 | C43: =COUNTIFS(Datos!$S$3:$S$111,2035,Datos!$O$3:$O$111,"UTIM") -> 1
